"company","latitude","longitude","biz_type","naics8_descriptions"
"7-ELEVEN",37.789576,-122.401164,"grocery","CONVENIENCE STORES"
"7-ELEVEN",37.794229,-122.396702,"grocery","CONVENIENCE STORES"
"7-ELEVEN",37.789625,-122.404362,"grocery","CONVENIENCE STORES"
"MINAMOTO KITCHOAN",37.78846,-122.40294,"grocery","SUPERMARKETS/OTHER GROCERY (EXC CONVENIENCE) STRS"
"MYSTY TEA INC",37.792121,-122.405717,"coffee","ALL OTHER SPECIALTY FOOD STORES"
"TENREN'S TEA",37.792121,-122.405717,"coffee","ALL OTHER SPECIALTY FOOD STORES"
"RUSSELL'S CONVENIENCE",37.791402,-122.402844,"grocery","CONVENIENCE STORES"
"7-ELEVEN",37.79209,-122.399381,"grocery","CONVENIENCE STORES"
"FOOD FAIR MARKET",37.790193,-122.407346,"grocery","SUPERMARKETS/OTHER GROCERY (EXC CONVENIENCE) STRS"
"7-ELEVEN",37.792395,-122.401283,"grocery","CONVENIENCE STORES"
"7-ELEVEN",37.788253,-122.403245,"grocery","CONVENIENCE STORES"
"KEARNY S F I-TEA LLC",37.790553,-122.404242,"coffee","ALL OTHER SPECIALTY FOOD STORES"
"WINN-DIXIE STORES INC",37.79301,-122.40045,"grocery","SUPERMARKETS/OTHER GROCERY (EXC CONVENIENCE) STRS"
"RALEY'S",37.793392,-122.400826,"grocery","SUPERMARKETS/OTHER GROCERY (EXC CONVENIENCE) STRS"
"AMAZON GO",37.793451,-122.400357,"grocery","CONVENIENCE STORES"
"THIRD CULTURE FOOD GROUP",37.791133,-122.401908,"grocery","SUPERMARKETS/OTHER GROCERY (EXC CONVENIENCE) STRS"
"AMAZON GO",37.789115,-122.403324,"grocery","CONVENIENCE STORES"
"STAR CONVENIENCE",37.788779,-122.402575,"grocery","CONVENIENCE STORES"
"FRAENKEL GALLERY",37.787437,-122.404385,"art","ART DEALERS"
"ASIAN ARTS CTR",37.7874,-122.4043,"art","ART DEALERS"
"ELINS EAGLES SMITH GALLERY INC",37.787437,-122.404385,"art","ART DEALERS"
"JENKINS JOHNSON GALLERY",37.789662,-122.407848,"art","ART DEALERS"
"GREGORY LIND GALLERY",37.787437,-122.404385,"art","ART DEALERS"
"MISHIN GALLERY",37.789036,-122.407872,"art","ART DEALERS"
"LA PIAZZA GALLERIA",37.792123,-122.406044,"art","ART DEALERS"
"MODERN BOOK",37.787437,-122.404385,"art","ART DEALERS"
"CALDWELL SNYDER GALLERY",37.789309,-122.405974,"art","ART DEALERS"
"HACKETT MILL",37.788412,-122.405427,"art","ART DEALERS"
"LARRY EVANS GALLERY",37.790155,-122.405883,"art","ART DEALERS"
"COMMERCIAL DESIGN GROUP INC",37.78985,-122.40117,"art","ART DEALERS"
"BRIAN GROSS ART AT ONE POST",37.788779,-122.402575,"art","ART DEALERS"
"DON SOKER CONTEMPORARY ART",37.790351,-122.401863,"art","ART DEALERS"
"CORDEN POTTS GALLERY LLC",37.787437,-122.404385,"art","ART DEALERS"
"ASIAN ARTS CTR",37.788502,-122.403906,"art","ART DEALERS"
"HESPE GALLERY",37.788351,-122.406056,"art","ART DEALERS"
"SERGE SOROKKO GALLERY",37.789319,-122.406096,"art","ART DEALERS"
"MEYEROVICH GALLERY",37.788351,-122.406056,"art","ART DEALERS"
"MICHAEL FINE ART & ANTIQUE",37.79079,-122.405425,"art","ART DEALERS"
"MICHAEL FINE ART",37.79073,-122.405793,"art","ART DEALERS"
"PI MORDERN ART GALLERY INC",37.790063,-122.403068,"art","ART DEALERS"
"ART FOR REFUGEES IN TRANSITION",37.789199,-122.407714,"art","ART DEALERS"
"CONCEPT ART HOUSE INC",37.788779,-122.402575,"art","ART DEALERS"
"MONTAGUE GALLERY",37.789243,-122.407674,"art","ART DEALERS"
"ART DEPARTMENT CREATIVE SVC",37.790432,-122.402498,"art","ART DEALERS"
"MAYBAUM GALLERY",37.787437,-122.404385,"art","ART DEALERS"
"HAINES GALLERY",37.787437,-122.404385,"art","ART DEALERS"
"ROBERT KOCH GALLERY",37.787437,-122.404385,"art","ART DEALERS"
"ZLOT BUELL & ASSOC",37.788412,-122.405427,"art","ART DEALERS"
"SCOTT NICHOLS GALLERY",37.787437,-122.404385,"art","ART DEALERS"
"DOLBY CHADWICK GALLERY",37.788937,-122.405526,"art","ART DEALERS"
"KING & CO WORKS OF ART",37.791739,-122.40057,"art","ART DEALERS"
"ARCADE BARBER SHOP",37.790066,-122.403074,"barber","BARBER SHOPS"
"HAIR SENSATION",37.790668,-122.403777,"barber","BARBER SHOPS"
"AHMET'S BARBER & HAIR STYLING",37.793954,-122.398075,"barber","BARBER SHOPS"
"ANDREA KASIN",37.789838,-122.405877,"barber","BARBER SHOPS"
"RICHARD'S HAIR DESIGN",37.789838,-122.405877,"barber","BARBER SHOPS"
"ROBERT GOMEZ HAIR DESIGNS",37.789838,-122.405877,"barber","BARBER SHOPS"
"SHINE HAIR STYLES",37.790553,-122.404242,"barber","BARBER SHOPS"
"FINANCIAL DISTRICT HAIR CUTS",37.79357,-122.40269,"barber","BARBER SHOPS"
"GLENN GUSTAFIK HAIRSTYLING",37.789638,-122.404066,"barber","BARBER SHOPS"
"RUSS BUILDING BARBER SHOP",37.79138,-122.40285,"barber","BARBER SHOPS"
"EXCHANGE",37.79138,-122.40285,"barber","BARBER SHOPS"
"A BUSINESSMAN'S HAIRCUT",37.789808,-122.401767,"barber","BARBER SHOPS"
"SHELL BUILDING BARBER SHOP",37.791569,-122.399964,"barber","BARBER SHOPS"
"RINCON MARKET",37.79223,-122.39291,"grocery","SUPERMARKETS/OTHER GROCERY (EXC CONVENIENCE) STRS"
"7-ELEVEN",37.78703,-122.403704,"grocery","CONVENIENCE STORES"
"SAMMY'S ON 2ND",37.78811,-122.400303,"grocery","CONVENIENCE STORES"
"7-ELEVEN",37.787345,-122.401012,"grocery","CONVENIENCE STORES"
"SHARETEA",37.78416,-122.403553,"coffee","ALL OTHER SPECIALTY FOOD STORES"
"SOUTH OF MARKET FOUNDATION",37.79083,-122.39594,"grocery","SUPERMARKETS/OTHER GROCERY (EXC CONVENIENCE) STRS"
"HOWARD STREET COFFEE ROASTERY",37.791042,-122.393406,"coffee","ALL OTHER SPECIALTY FOOD STORES"
"TRADER JOE'S",37.785299,-122.405397,"grocery","SUPERMARKETS/OTHER GROCERY (EXC CONVENIENCE) STRS"
"GABBY DELI",37.787592,-122.390485,"grocery","SUPERMARKETS/OTHER GROCERY (EXC CONVENIENCE) STRS"
"AMAZON GO",37.789556,-122.400373,"grocery","CONVENIENCE STORES"
"BAYSIDE MARKET",37.7841,-122.3894,"grocery","SUPERMARKETS/OTHER GROCERY (EXC CONVENIENCE) STRS"
"JACK'S MARKET",37.781713,-122.396136,"grocery","SUPERMARKETS/OTHER GROCERY (EXC CONVENIENCE) STRS"
"JOHN BERGGRUEN GALLERY",37.785654,-122.399292,"art","ART DEALERS"
"VARNISH FINE ART",37.787654,-122.398006,"art","ART DEALERS"
"CATHARINE CLARK GALLERY",37.786715,-122.400853,"art","ART DEALERS"
"VARNISH FINE ART",37.789911,-122.398969,"art","ART DEALERS"
"MODERNISM",37.787651,-122.402772,"art","ART DEALERS"
"FREY NORRIS GALLERY",37.787142,-122.401797,"art","ART DEALERS"
"CROWN POINT PRESS",37.785654,-122.399292,"art","ART DEALERS"
"AUROBORA PRESS",37.780764,-122.393873,"art","ART DEALERS"
"111 MINNA GALLERY",37.787302,-122.39938,"art","ART DEALERS"
"BRICK DESIGN INC",37.781806,-122.394843,"art","ART DEALERS"
"GET ART UP",37.784135,-122.394428,"art","ART DEALERS"
"TERRA",37.785498,-122.393008,"art","ART DEALERS"
"GAGOSIAN GALLERY",37.785441,-122.399228,"art","ART DEALERS"
"ART & LOVE LLC",37.782557,-122.396718,"art","ART DEALERS"
"ART RANGERS",37.787163,-122.395461,"art","ART DEALERS"
"GALLERY 16",37.78132,-122.395457,"art","ART DEALERS"
"BRAY-HERRMAN FINE ART",37.7895,-122.3964,"art","ART DEALERS"
"STEVE'S ALLEY CUTS",37.788232,-122.400969,"barber","BARBER SHOPS"
"DISTRICT",37.783267,-122.398109,"barber","BARBER SHOPS"
"HARRY BARBER SHOP",37.784135,-122.394428,"barber","BARBER SHOPS"
"YERBA BUENA MARKET",37.779712,-122.406809,"grocery","SUPERMARKETS/OTHER GROCERY (EXC CONVENIENCE) STRS"
"EXTRA MILE",37.777353,-122.404667,"grocery","CONVENIENCE STORES"
"UNIMART",37.775946,-122.411585,"grocery","SUPERMARKETS/OTHER GROCERY (EXC CONVENIENCE) STRS"
"WELCOME SUPERMARKET",37.775887,-122.40856,"grocery","SUPERMARKETS/OTHER GROCERY (EXC CONVENIENCE) STRS"
"HARVEY PLACE",37.779859,-122.403121,"grocery","SUPERMARKETS/OTHER GROCERY (EXC CONVENIENCE) STRS"
"MCLOUGHLIN GALLERY",37.775718,-122.406964,"art","ART DEALERS"
"SUCHADESIGN",37.777452,-122.407364,"art","ART DEALERS"
"LIZLAND STUDIO",37.774781,-122.411179,"art","ART DEALERS"
"MARK I CHESTER STUDIO",37.774429,-122.410372,"art","ART DEALERS"
"ARC STUDIOS & GALLERY",37.774594,-122.411007,"art","ART DEALERS"
"TRANZEN ART LLC",37.772397,-122.411175,"art","ART DEALERS"
"HAWAII BOBS GARDEN ART",37.7742,-122.4124,"art","ART DEALERS"
"MERCHANTS OF REALITY",37.773865,-122.411532,"art","ART DEALERS"
"HERON ARTS LLC",37.774592,-122.408303,"art","ART DEALERS"
"EAST WEST FINE ART GALLERY",37.774984,-122.409806,"art","ART DEALERS"
"E & M MARKET",37.766687,-122.421882,"grocery","SUPERMARKETS/OTHER GROCERY (EXC CONVENIENCE) STRS"
"FRIDAS MARKET",37.766037,-122.419424,"grocery","SUPERMARKETS/OTHER GROCERY (EXC CONVENIENCE) STRS"
"NEW STAR MARKET",37.768236,-122.419217,"grocery","SUPERMARKETS/OTHER GROCERY (EXC CONVENIENCE) STRS"
"MI TIERRA FOOD MARKET",37.764611,-122.419449,"grocery","SUPERMARKETS/OTHER GROCERY (EXC CONVENIENCE) STRS"
"SMOKER FRIENDLY",37.764837,-122.419318,"grocery","SUPERMARKETS/OTHER GROCERY (EXC CONVENIENCE) STRS"
"INTERGALACTIC FOODS CORP",37.767106,-122.419459,"grocery","SUPERMARKETS/OTHER GROCERY (EXC CONVENIENCE) STRS"
"SMART FOODSERVICE WRHSE STORE",37.770461,-122.418307,"grocery","SUPERMARKETS/OTHER GROCERY (EXC CONVENIENCE) STRS"
"POND-A PLACE FOR ART ACTIVISM",37.768465,-122.420621,"art","ART DEALERS"
"GOLDEN WAY TRADING CO",37.795227,-122.407919,"grocery","SUPERMARKETS/OTHER GROCERY (EXC CONVENIENCE) STRS"
"DAVID'S FOOD STORE",37.793807,-122.404468,"grocery","SUPERMARKETS/OTHER GROCERY (EXC CONVENIENCE) STRS"
"SI HONG FENG",37.795104,-122.407886,"grocery","SUPERMARKETS/OTHER GROCERY (EXC CONVENIENCE) STRS"
"COMMERCIAL GROCERY",37.793945,-122.40422,"grocery","SUPERMARKETS/OTHER GROCERY (EXC CONVENIENCE) STRS"
"CHINA DRAGON TRADING INC",37.796166,-122.406891,"grocery","SUPERMARKETS/OTHER GROCERY (EXC CONVENIENCE) STRS"
"MING LEE TRADING LEE",37.795727,-122.407742,"grocery","SUPERMARKETS/OTHER GROCERY (EXC CONVENIENCE) STRS"
"CITY SUPER",37.796072,-122.408027,"grocery","SUPERMARKETS/OTHER GROCERY (EXC CONVENIENCE) STRS"
"PEOPLE'S GROCERY",37.796018,-122.405432,"grocery","SUPERMARKETS/OTHER GROCERY (EXC CONVENIENCE) STRS"
"SEASONING FOOD SPECIAL",37.796148,-122.407809,"grocery","SUPERMARKETS/OTHER GROCERY (EXC CONVENIENCE) STRS"
"E TEA INC",37.79583,-122.405243,"coffee","ALL OTHER SPECIALTY FOOD STORES"
"LONG HUA'S GROCERY STORE",37.794254,-122.407764,"grocery","SUPERMARKETS/OTHER GROCERY (EXC CONVENIENCE) STRS"
"NAN HAI CORP",37.795486,-122.406872,"grocery","SUPERMARKETS/OTHER GROCERY (EXC CONVENIENCE) STRS"
"MONTGOMERY GALLERY",37.795463,-122.401887,"art","ART DEALERS"
"LE TRIANON GALLERY",37.796962,-122.401576,"art","ART DEALERS"
"CANESSA GALLERY",37.795816,-122.40317,"art","ART DEALERS"
"SOUNDS BAZAAR LLC",37.795736,-122.406371,"art","ART DEALERS"
"SARAH R NELSON ART ADVISORY",37.796393,-122.402584,"art","ART DEALERS"
"MONTGOMERY-FPS INC",37.795463,-122.401887,"art","ART DEALERS"
"JAPONESQUE GALLERY",37.796869,-122.403318,"art","ART DEALERS"
"CHINA TRADE CTR ART GALLERY",37.79483,-122.406097,"art","ART DEALERS"
"STYLERS ART GALLERY",37.795918,-122.406105,"art","ART DEALERS"
"SARAH STOCKING FINE ANTQ PSTRS",37.796806,-122.401544,"art","ART DEALERS"
"BAY CITY BARBER SALON",37.795221,-122.400716,"barber","BARBER SHOPS"
"BROGAN & SON",37.795221,-122.400716,"barber","BARBER SHOPS"
"BLADES CO",37.795624,-122.403699,"barber","BARBER SHOPS"
"NICK'S SUPER MARKET",37.774248,-122.423245,"grocery","SUPERMARKETS/OTHER GROCERY (EXC CONVENIENCE) STRS"
"MARKET STREET GALLERY",37.77442,-122.420547,"art","ART DEALERS"
"SPARK ART INC",37.774301,-122.423592,"art","ART DEALERS"
"LA SAN FRANCISCO",37.752955,-122.41042,"grocery","SUPERMARKETS/OTHER GROCERY (EXC CONVENIENCE) STRS"
"EL CHICO PRODUCE MARKET",37.752435,-122.411214,"grocery","SUPERMARKETS/OTHER GROCERY (EXC CONVENIENCE) STRS"
"GALERIA STUDIO 24",37.752644,-122.409372,"art","ART DEALERS"
"STATE SPACE GALLERY",37.751161,-122.410693,"art","ART DEALERS"
"PRECITA EYES MURALISTS",37.752426,-122.41153,"art","ART DEALERS"
"STC DISTRIBUTING CO",37.742876,-122.396062,"grocery","SUPERMARKETS/OTHER GROCERY (EXC CONVENIENCE) STRS"
"ENJOYINGTEA.COM",37.750947,-122.38814,"coffee","ALL OTHER SPECIALTY FOOD STORES"
"GUERRERO GALLERY",37.744822,-122.388653,"art","ART DEALERS"
"ART EXPLOSION",37.750947,-122.38814,"art","ART DEALERS"
"OCCULT GALLERY",37.746361,-122.401798,"art","ART DEALERS"
"TRADER JOE'S",37.72631,-122.476099,"grocery","SUPERMARKETS/OTHER GROCERY (EXC CONVENIENCE) STRS"
"M & E FOODS INC",37.728476,-122.476839,"grocery","SUPERMARKETS/OTHER GROCERY (EXC CONVENIENCE) STRS"
"GR MARKET & DELI",37.784669,-122.443459,"grocery","SUPERMARKETS/OTHER GROCERY (EXC CONVENIENCE) STRS"
"BRYAN'S GROCERY",37.78634,-122.450843,"grocery","SUPERMARKETS/OTHER GROCERY (EXC CONVENIENCE) STRS"
"SUNSTREAM COFFEE",37.782385,-122.449877,"coffee","ALL OTHER SPECIALTY FOOD STORES"
"CAL-MART SUPER MARKET INC",37.786095,-122.452771,"grocery","SUPERMARKETS/OTHER GROCERY (EXC CONVENIENCE) STRS"
"LAUREL VILLAGE",37.786045,-122.453165,"coffee","ALL OTHER SPECIALTY FOOD STORES"
"TRADER JOE'S",37.783361,-122.447768,"grocery","SUPERMARKETS/OTHER GROCERY (EXC CONVENIENCE) STRS"
"LIZANNE SUTER ART ADVISORY SVC",37.785415,-122.443872,"art","ART DEALERS"
"MANRESA GALLERY",37.784814,-122.455026,"art","ART DEALERS"
"BUCHANAN FOOD MART LLP",37.78981,-122.430973,"grocery","SUPERMARKETS/OTHER GROCERY (EXC CONVENIENCE) STRS"
"MAYFLOWER MARKET",37.792352,-122.434353,"grocery","SUPERMARKETS/OTHER GROCERY (EXC CONVENIENCE) STRS"
"ALES UNLIMITED LLC",37.792589,-122.432651,"grocery","SUPERMARKETS/OTHER GROCERY (EXC CONVENIENCE) STRS"
"VILLAFRANCA STUDIO",37.792198,-122.434819,"art","ART DEALERS"
"REBUILD + ARTS LLC",37.792198,-122.434819,"art","ART DEALERS"
"THIS IS ART INC",37.792198,-122.434819,"art","ART DEALERS"
"SAMIRAMIS IMPORTS",37.749208,-122.418511,"grocery","SUPERMARKETS/OTHER GROCERY (EXC CONVENIENCE) STRS"
"STOP N SHOP",37.7489,-122.418418,"grocery","CONVENIENCE STORES"
"DISCOUNT CITY",37.752577,-122.418833,"grocery","SUPERMARKETS/OTHER GROCERY (EXC CONVENIENCE) STRS"
"ACE HI",37.7529,-122.4172,"grocery","CONVENIENCE STORES"
"SAVE WAY MARKET",37.748874,-122.417177,"grocery","SUPERMARKETS/OTHER GROCERY (EXC CONVENIENCE) STRS"
"CASA GUADALUPE II",37.750453,-122.41794,"grocery","SUPERMARKETS/OTHER GROCERY (EXC CONVENIENCE) STRS"
"GRAY AREA ART & TECH THEATER",37.754409,-122.418305,"art","ART DEALERS"
"RATIO 3",37.751736,-122.418026,"art","ART DEALERS"
"CALI BARBER SHOP-BEAUTY SALON",37.752141,-122.41714,"barber","BARBER SHOPS"
"MISSIONS BARBERSHOP",37.750707,-122.418879,"barber","BARBER SHOPS"
"PACIFIC FOOD MARKET",37.785554,-122.436357,"grocery","SUPERMARKETS/OTHER GROCERY (EXC CONVENIENCE) STRS"
"HUSH COFFEE BAR",37.785756,-122.430118,"coffee","ALL OTHER SPECIALTY FOOD STORES"
"KISSAKO TEA",37.784764,-122.431457,"coffee","ALL OTHER SPECIALTY FOOD STORES"
"BELLA FOODS INC",37.785833,-122.433024,"grocery","SUPERMARKETS/OTHER GROCERY (EXC CONVENIENCE) STRS"
"INTERNATIONAL ART GALLERY",37.784764,-122.431457,"art","ART DEALERS"
"ALAN BAMBERGER ART BOOKS",37.784371,-122.434604,"art","ART DEALERS"
"GLADSTONE MARKET",37.78328,-122.418863,"grocery","SUPERMARKETS/OTHER GROCERY (EXC CONVENIENCE) STRS"
"MCALLISTER MARKET",37.780935,-122.414402,"grocery","SUPERMARKETS/OTHER GROCERY (EXC CONVENIENCE) STRS"
"SOCIETY FOR ASIAN ART",37.780016,-122.41675,"art","ART DEALERS"
"Y S A BARBERSHOP",37.783866,-122.418691,"barber","BARBER SHOPS"
"EL AHORRO DE BARRAZA",37.741463,-122.422915,"grocery","SUPERMARKETS/OTHER GROCERY (EXC CONVENIENCE) STRS"
"SAFEWAY",37.743218,-122.422203,"grocery","SUPERMARKETS/OTHER GROCERY (EXC CONVENIENCE) STRS"
"CUNNINGHAM DESIGN INC",37.740125,-122.419713,"art","ART DEALERS"
"SECESSION ART & DESIGN",37.745033,-122.419954,"art","ART DEALERS"
"JENN ZIPP/SECESSION ART-DESIGN",37.742816,-122.421403,"art","ART DEALERS"
"ABNER'S BARBER SHOP",37.742912,-122.421426,"barber","BARBER SHOPS"
"SEVENTEENTH & NOE GROCETERIA",37.762734,-122.433267,"grocery","SUPERMARKETS/OTHER GROCERY (EXC CONVENIENCE) STRS"
"WHOLE FOODS MARKET",37.768285,-122.427137,"grocery","SUPERMARKETS/OTHER GROCERY (EXC CONVENIENCE) STRS"
"WILD CARD ROASTERS",37.763634,-122.433323,"coffee","ALL OTHER SPECIALTY FOOD STORES"
"SEVEN SAINTS SUPERFOODS",37.76469,-122.431953,"grocery","SUPERMARKETS/OTHER GROCERY (EXC CONVENIENCE) STRS"
"BARBEROLOGY",37.763138,-122.430936,"barber","BARBER SHOPS"
"FOODS CO",37.72981,-122.39926,"grocery","SUPERMARKETS/OTHER GROCERY (EXC CONVENIENCE) STRS"
"RES ANTIQUA INC",37.72922,-122.400286,"art","ART DEALERS"
"SPORTSMAN BARBER SHOP",37.72,-122.396983,"barber","BARBER SHOPS"
"TED'S MARKET",37.772874,-122.41624,"grocery","SUPERMARKETS/OTHER GROCERY (EXC CONVENIENCE) STRS"
"SAFEWAY",37.766516,-122.409273,"grocery","SUPERMARKETS/OTHER GROCERY (EXC CONVENIENCE) STRS"
"NARAL PRO CHOICE CALIFORNIA",37.767837,-122.417395,"grocery","SUPERMARKETS/OTHER GROCERY (EXC CONVENIENCE) STRS"
"RAINBOW COOPERATIVE GROCERY",37.768785,-122.414946,"grocery","SUPERMARKETS/OTHER GROCERY (EXC CONVENIENCE) STRS"
"RAINBOW GROCERY",37.769114,-122.415071,"grocery","SUPERMARKETS/OTHER GROCERY (EXC CONVENIENCE) STRS"
"GAS N SHOP",37.763827,-122.417053,"grocery","CONVENIENCE STORES"
"FOODS CO",37.767857,-122.416118,"grocery","SUPERMARKETS/OTHER GROCERY (EXC CONVENIENCE) STRS"
"WHOLE FOODS MARKET",37.767567,-122.411155,"grocery","SUPERMARKETS/OTHER GROCERY (EXC CONVENIENCE) STRS"
"EMPIRE TEA ROOM",37.766752,-122.410576,"coffee","ALL OTHER SPECIALTY FOOD STORES"
"REF CORP",37.770891,-122.413455,"coffee","ALL OTHER SPECIALTY FOOD STORES"
"LOST ART SALON",37.769387,-122.41747,"art","ART DEALERS"
"BRIAN GROSS FINE ART",37.766453,-122.406723,"art","ART DEALERS"
"CATHARINE CLARK GALLERY",37.766453,-122.406723,"art","ART DEALERS"
"JACK FISCHER GALLERY",37.765516,-122.40719,"art","ART DEALERS"
"C2C ART LTD",37.7665,-122.4067,"art","ART DEALERS"
"TANYA BONAKDAR GALLERY",37.765126,-122.41191,"art","ART DEALERS"
"CONTEMPORARY ART GALLERY",37.765126,-122.41191,"art","ART DEALERS"
"ART DEPARTMENT",37.76676,-122.410576,"art","ART DEALERS"
"HOSFELT GALLERY",37.7665,-122.4067,"art","ART DEALERS"
"30SVN",37.768263,-122.417486,"barber","BARBER SHOPS"
"KINGS MARKET",37.756104,-122.409689,"grocery","SUPERMARKETS/OTHER GROCERY (EXC CONVENIENCE) STRS"
"MISSION GROCETERIA",37.754479,-122.411299,"grocery","SUPERMARKETS/OTHER GROCERY (EXC CONVENIENCE) STRS"
"BAYSHORE FARMERS MKT",37.743065,-122.40554,"grocery","SUPERMARKETS/OTHER GROCERY (EXC CONVENIENCE) STRS"
"ART WITH IMPACT",37.739004,-122.409146,"art","ART DEALERS"
"SAM CHUN GROCERY & FOOD",37.795181,-122.418503,"grocery","SUPERMARKETS/OTHER GROCERY (EXC CONVENIENCE) STRS"
"STUDIO GALLERY",37.794662,-122.422339,"art","ART DEALERS"
"ART FOR PEOPLE",37.793486,-122.421448,"art","ART DEALERS"
"NOE GROCERY",37.765716,-122.433485,"grocery","SUPERMARKETS/OTHER GROCERY (EXC CONVENIENCE) STRS"
"SAFEWAY",37.769137,-122.428043,"grocery","SUPERMARKETS/OTHER GROCERY (EXC CONVENIENCE) STRS"
"GOLDEN NATURAL FOODS",37.768859,-122.429456,"grocery","SUPERMARKETS/OTHER GROCERY (EXC CONVENIENCE) STRS"
"ROSENBERG DELI & MARKET",37.764618,-122.433441,"grocery","SUPERMARKETS/OTHER GROCERY (EXC CONVENIENCE) STRS"
"S & A LIQUOR",37.767736,-122.431377,"grocery","SUPERMARKETS/OTHER GROCERY (EXC CONVENIENCE) STRS"
"FRANKLIN MARKET",37.767942,-122.42928,"grocery","SUPERMARKETS/OTHER GROCERY (EXC CONVENIENCE) STRS"
"BELCHER STUDIOS GALLERY",37.768185,-122.429823,"art","ART DEALERS"
"MARC GABBANA WORKS OF ART INC",37.763981,-122.435024,"art","ART DEALERS"
"ART ATTACK SF",37.763503,-122.434578,"art","ART DEALERS"
"JOE'S BARBER SHOP",37.767064,-122.43021,"barber","BARBER SHOPS"
"NIMBUS HAIRCUTS",37.767969,-122.429162,"barber","BARBER SHOPS"
"DOUBLE ROCK GROCERY",37.721227,-122.391394,"grocery","SUPERMARKETS/OTHER GROCERY (EXC CONVENIENCE) STRS"
"W & D WHOLESALE FOOD INC",37.722634,-122.390075,"grocery","SUPERMARKETS/OTHER GROCERY (EXC CONVENIENCE) STRS"
"GIZMO ART PRODUCTION INC",37.721635,-122.391345,"art","ART DEALERS"
"GIF'D CROWNS",37.72102,-122.395925,"barber","BARBER SHOPS"
"SAFEWAY",37.776471,-122.393037,"grocery","SUPERMARKETS/OTHER GROCERY (EXC CONVENIENCE) STRS"
"GUS'S COMMUNITY MARKET",37.774341,-122.391521,"grocery","SUPERMARKETS/OTHER GROCERY (EXC CONVENIENCE) STRS"
"LITTLE TREE GALLERY",37.765614,-122.394464,"art","ART DEALERS"
"PROJECT ONE GALLERY LLC",37.766757,-122.402451,"art","ART DEALERS"
"COLONIAL ARTS",37.76655,-122.40324,"art","ART DEALERS"
"GAMUT",37.766069,-122.398971,"art","ART DEALERS"
"SMALL ART MUSIC PROJECTS",37.772956,-122.396321,"art","ART DEALERS"
"STELLA TUMASOVA FINE ART GLLRY",37.781676,-122.388563,"art","ART DEALERS"
"ZEPILIN GALLERY",37.767235,-122.403031,"art","ART DEALERS"
"MUSE TEA LLC",37.755275,-122.434841,"coffee","ALL OTHER SPECIALTY FOOD STORES"
"EMERGENT ART",37.753399,-122.435198,"art","ART DEALERS"
"MARKET MAYFLOWER & DELI",37.789437,-122.413358,"grocery","SUPERMARKETS/OTHER GROCERY (EXC CONVENIENCE) STRS"
"FOOD & LIQUOR WORLD",37.787791,-122.41391,"grocery","SUPERMARKETS/OTHER GROCERY (EXC CONVENIENCE) STRS"
"TOWN COUNTRY",37.787989,-122.41197,"grocery","SUPERMARKETS/OTHER GROCERY (EXC CONVENIENCE) STRS"
"7-ELEVEN",37.789025,-122.409084,"grocery","CONVENIENCE STORES"
"FOOD RANGER INC",37.788412,-122.409771,"grocery","SUPERMARKETS/OTHER GROCERY (EXC CONVENIENCE) STRS"
"ROUND THE CLOCK",37.789304,-122.413953,"grocery","SUPERMARKETS/OTHER GROCERY (EXC CONVENIENCE) STRS"
"CANTINA",37.789276,-122.409962,"art","ART DEALERS"
"SPOKE ART",37.788803,-122.413854,"art","ART DEALERS"
"ACADEMY OF ART COLLEGE GALLERY",37.78869,-122.410671,"art","ART DEALERS"
"PASQUALE IANNETTI ART GLLRS",37.789075,-122.409132,"art","ART DEALERS"
"MARK WOLFE CONTEMPORARY ART",37.788843,-122.409392,"art","ART DEALERS"
"BOND LATIN GALLERY",37.788224,-122.409759,"art","ART DEALERS"
"TYLER WOOD GALLERY",37.788801,-122.413348,"art","ART DEALERS"
"HASHIMOTO CONTEMPORARY",37.788803,-122.413854,"art","ART DEALERS"
"STOOKEYS CLUB MODERNE",37.789633,-122.411823,"art","ART DEALERS"
"GALLERY 444",37.788487,-122.409186,"art","ART DEALERS"
"ARGONAUT BOOK SHOP",37.788801,-122.413348,"art","ART DEALERS"
"ART CURTIS",37.736661,-122.45312,"art","ART DEALERS"
"GUM SHING MARKET INC",37.797014,-122.408029,"grocery","SUPERMARKETS/OTHER GROCERY (EXC CONVENIENCE) STRS"
"TAI HING INC",37.797487,-122.408224,"grocery","SUPERMARKETS/OTHER GROCERY (EXC CONVENIENCE) STRS"
"KIN TAT CO",37.797468,-122.408371,"grocery","SUPERMARKETS/OTHER GROCERY (EXC CONVENIENCE) STRS"
"JING YE CO",37.797468,-122.408371,"grocery","SUPERMARKETS/OTHER GROCERY (EXC CONVENIENCE) STRS"
"J & L VEGI SUPERMARKET INC",37.79693,-122.408748,"grocery","SUPERMARKETS/OTHER GROCERY (EXC CONVENIENCE) STRS"
"MAY SUN MARKET LLC",37.797007,-122.407062,"grocery","SUPERMARKETS/OTHER GROCERY (EXC CONVENIENCE) STRS"
"DONG HING",37.797007,-122.408344,"grocery","SUPERMARKETS/OTHER GROCERY (EXC CONVENIENCE) STRS"
"J & L MARKET",37.79693,-122.408748,"grocery","SUPERMARKETS/OTHER GROCERY (EXC CONVENIENCE) STRS"
"HAPPINESS GROCERY STORE",37.797173,-122.406366,"grocery","SUPERMARKETS/OTHER GROCERY (EXC CONVENIENCE) STRS"
"TEA FEVA",37.796819,-122.410343,"coffee","ALL OTHER SPECIALTY FOOD STORES"
"PANG KEE BARGAIN MARKET",37.797865,-122.408439,"grocery","SUPERMARKETS/OTHER GROCERY (EXC CONVENIENCE) STRS"
"SUN KAU SHING CO INC",37.798437,-122.408434,"grocery","SUPERMARKETS/OTHER GROCERY (EXC CONVENIENCE) STRS"
"SAVE SUPERMARKET",37.79693,-122.408748,"grocery","SUPERMARKETS/OTHER GROCERY (EXC CONVENIENCE) STRS"
"NORTHBEACH BAUHAUS",37.801131,-122.411632,"art","ART DEALERS"
"DREAMING ROOM",37.797396,-122.40641,"art","ART DEALERS"
"STARLIGHT MARKET",37.784968,-122.413002,"grocery","SUPERMARKETS/OTHER GROCERY (EXC CONVENIENCE) STRS"
"GONG CHA",37.786456,-122.409248,"coffee","ALL OTHER SPECIALTY FOOD STORES"
"EVER GOLD GALLERY",37.785647,-122.411971,"art","ART DEALERS"
"TANGENT CONTEMPORARY ART",37.787079,-122.409331,"art","ART DEALERS"
"C K CONTEMPORARY",37.787107,-122.409121,"art","ART DEALERS"
"CHANDRAN GALLERY",37.786743,-122.410816,"art","ART DEALERS"
"SCOTT RICHARDS CONTEMPARY ART",37.787079,-122.409331,"art","ART DEALERS"
"SILVERMAN GALLERY",37.784818,-122.414183,"art","ART DEALERS"
"FRANKLIN BOWLES GALLERIES",37.78712,-122.409015,"art","ART DEALERS"
"WEINSTEIN GALLERY",37.786997,-122.409475,"art","ART DEALERS"
"KEANE EYES GALLERY",37.78712,-122.409015,"art","ART DEALERS"
"BATTAMBANG MARKET",37.783665,-122.4132,"grocery","SUPERMARKETS/OTHER GROCERY (EXC CONVENIENCE) STRS"
"DALDAS GROCERY",37.784332,-122.411263,"grocery","SUPERMARKETS/OTHER GROCERY (EXC CONVENIENCE) STRS"
"EDDY BARBER SHOP",37.78409,-122.41317,"barber","BARBER SHOPS"
"BEL CLIFT FOOD SHOP",37.787165,-122.412055,"grocery","SUPERMARKETS/OTHER GROCERY (EXC CONVENIENCE) STRS"
"STAR MARKET-LIQUOR WITH",37.786408,-122.414533,"grocery","CONVENIENCE STORES"
"ABADI",37.787667,-122.408458,"grocery","SUPERMARKETS/OTHER GROCERY (EXC CONVENIENCE) STRS"
"SAN FRANCISCO ART EXCHANGE LLC",37.787308,-122.410939,"art","ART DEALERS"
"MARTIN LAWRENCE GALLERIES",37.787404,-122.409408,"art","ART DEALERS"
"ASAKA FINE ARTS",37.787624,-122.41219,"art","ART DEALERS"
"CALIFORNIA GROCERY",37.784034,-122.409621,"grocery","SUPERMARKETS/OTHER GROCERY (EXC CONVENIENCE) STRS"
"EL DORADO MARKET",37.782526,-122.412086,"grocery","SUPERMARKETS/OTHER GROCERY (EXC CONVENIENCE) STRS"
"EQUATOR COFFEES & TEAS",37.7826,-122.410204,"coffee","ALL OTHER SPECIALTY FOOD STORES"
"WARFIELD AEG",37.782694,-122.410353,"barber","BARBER SHOPS"
"SUPER SAM FOOD",37.779575,-122.423235,"grocery","CONVENIENCE STORES"
"CITY & COUNTY OF SAN FRANCISCO",37.775695,-122.419571,"art","ART DEALERS"
"ACOTE",37.776233,-122.426063,"art","ART DEALERS"
"CHURCH BARBER LLC",37.776977,-122.424505,"barber","BARBER SHOPS"
"COLLEGE MARKET",37.783396,-122.422379,"grocery","SUPERMARKETS/OTHER GROCERY (EXC CONVENIENCE) STRS"
"USA MARKET",37.782773,-122.422554,"grocery","SUPERMARKETS/OTHER GROCERY (EXC CONVENIENCE) STRS"
"GROCERY HYDE",37.782355,-122.415888,"grocery","SUPERMARKETS/OTHER GROCERY (EXC CONVENIENCE) STRS"
"MARYLAND MKT",37.782907,-122.414253,"grocery","SUPERMARKETS/OTHER GROCERY (EXC CONVENIENCE) STRS"
"CADILLAC GROCERY",37.783336,-122.415667,"grocery","SUPERMARKETS/OTHER GROCERY (EXC CONVENIENCE) STRS"
"NEW PRINCESS MARKET",37.783631,-122.41608,"grocery","SUPERMARKETS/OTHER GROCERY (EXC CONVENIENCE) STRS"
"SOUL FOOD CITY",37.783562,-122.414425,"grocery","SUPERMARKETS/OTHER GROCERY (EXC CONVENIENCE) STRS"
"T & L FOOD MARKET",37.783562,-122.414425,"grocery","SUPERMARKETS/OTHER GROCERY (EXC CONVENIENCE) STRS"
"GOLDEN GATE MARKET",37.783075,-122.414284,"grocery","SUPERMARKETS/OTHER GROCERY (EXC CONVENIENCE) STRS"
"KK COPYING & PRINTING",37.782614,-122.417139,"art","ART DEALERS"
"LUGGAGE STORE ANNEX",37.784469,-122.414619,"art","ART DEALERS"
"STARCO MART",37.778692,-122.408924,"grocery","SUPERMARKETS/OTHER GROCERY (EXC CONVENIENCE) STRS"
"CITY PRODUCE",37.779894,-122.407595,"grocery","SUPERMARKETS/OTHER GROCERY (EXC CONVENIENCE) STRS"
"CUMAICA COFFEE",37.77587,-122.41607,"coffee","ALL OTHER SPECIALTY FOOD STORES"
"HUDSON 1455 MARKET",37.775466,-122.417876,"grocery","SUPERMARKETS/OTHER GROCERY (EXC CONVENIENCE) STRS"
"DAVIDSTEA",37.784105,-122.406158,"coffee","ALL OTHER SPECIALTY FOOD STORES"
"AYTM ASK YOUR TARGET MARKET",37.775087,-122.415199,"grocery","SUPERMARKETS/OTHER GROCERY (EXC CONVENIENCE) STRS"
"3 TEAS LLC",37.778444,-122.413493,"coffee","ALL OTHER SPECIALTY FOOD STORES"
"GO GO DELI MARKET",37.776425,-122.414709,"grocery","CONVENIENCE STORES"
"PROJECT GREENBAG",37.778326,-122.412825,"grocery","SUPERMARKETS/OTHER GROCERY (EXC CONVENIENCE) STRS"
"BURMA LOVE NATURAL FOODS",37.781089,-122.408172,"grocery","SUPERMARKETS/OTHER GROCERY (EXC CONVENIENCE) STRS"
"SHARE TEA WESTFIELD",37.784376,-122.406334,"coffee","ALL OTHER SPECIALTY FOOD STORES"
"SHARETEA",37.784376,-122.406334,"coffee","ALL OTHER SPECIALTY FOOD STORES"
"M & M DE VERA PROPERTIES",37.779469,-122.408881,"grocery","SUPERMARKETS/OTHER GROCERY (EXC CONVENIENCE) STRS"
"IMPACT HUB",37.782159,-122.406614,"art","ART DEALERS"
"1AM SF",37.779709,-122.40761,"art","ART DEALERS"
"SAN FRANCISCO FILIPINO CLTRL",37.78441,-122.404958,"art","ART DEALERS"
"ART ON WOOD",37.784376,-122.406334,"art","ART DEALERS"
"MEDIATE ART GROUP",37.782159,-122.406614,"art","ART DEALERS"
"ART PROCESSORS INC",37.780969,-122.406013,"art","ART DEALERS"
"FELLOW BARBER",37.782429,-122.409363,"barber","BARBER SHOPS"
"ABE BARBER SHOP",37.781643,-122.407687,"barber","BARBER SHOPS"
"HAYES MARKET",37.776471,-122.427795,"grocery","SUPERMARKETS/OTHER GROCERY (EXC CONVENIENCE) STRS"
"TIM'S MARKET",37.77568,-122.4313,"grocery","SUPERMARKETS/OTHER GROCERY (EXC CONVENIENCE) STRS"
"KEY FOOD MARKET",37.774183,-122.43106,"grocery","CONVENIENCE STORES"
"CHEERS ON DEMAND",37.777503,-122.431667,"grocery","SUPERMARKETS/OTHER GROCERY (EXC CONVENIENCE) STRS"
"TUONG PHONG MARKET",37.784599,-122.416664,"grocery","SUPERMARKETS/OTHER GROCERY (EXC CONVENIENCE) STRS"
"GEARY & HYDE MARKET",37.786551,-122.416323,"grocery","SUPERMARKETS/OTHER GROCERY (EXC CONVENIENCE) STRS"
"HYDE O'FARRELL MARKET",37.785225,-122.416517,"grocery","SUPERMARKETS/OTHER GROCERY (EXC CONVENIENCE) STRS"
"AMIGO MARKET",37.78481,-122.414729,"grocery","SUPERMARKETS/OTHER GROCERY (EXC CONVENIENCE) STRS"
"SAN FRANCISCO CHEESEQUAKE",37.785245,-122.415134,"grocery","SUPERMARKETS/OTHER GROCERY (EXC CONVENIENCE) STRS"
"CROWN MARKET",37.786615,-122.415162,"grocery","SUPERMARKETS/OTHER GROCERY (EXC CONVENIENCE) STRS"
"MID CITY MARKET & DELI",37.786452,-122.417659,"grocery","SUPERMARKETS/OTHER GROCERY (EXC CONVENIENCE) STRS"
"KOKORO STUDIO",37.78462,-122.416496,"art","ART DEALERS"
"LOOK GALLERY",37.786669,-122.415108,"art","ART DEALERS"
"GOLDEN DOOR BARBERSHOP",37.786676,-122.41588,"barber","BARBER SHOPS"
"TRADER JOE'S",37.771033,-122.407327,"grocery","SUPERMARKETS/OTHER GROCERY (EXC CONVENIENCE) STRS"
"PEKOE TEA CO",37.777238,-122.395591,"coffee","ALL OTHER SPECIALTY FOOD STORES"
"ARTHAUS",37.778271,-122.393898,"art","ART DEALERS"
"CHRISTOPHER GRUBBS ILLUSTRATOR",37.778168,-122.395791,"art","ART DEALERS"
"K C ART & DESIGN INC",37.773108,-122.408687,"art","ART DEALERS"
"ANDREA SCHWARTZ GALLERY",37.779057,-122.397197,"art","ART DEALERS"
"IAN ROSS GALLERY",37.779031,-122.396052,"art","ART DEALERS"
"ART PRACTICAL",37.779057,-122.397197,"art","ART DEALERS"
"HAIGHT & FILLMORE FOOD",37.771855,-122.430673,"grocery","SUPERMARKETS/OTHER GROCERY (EXC CONVENIENCE) STRS"
"ABES MARKET",37.772911,-122.430488,"grocery","SUPERMARKETS/OTHER GROCERY (EXC CONVENIENCE) STRS"
"S & W",37.772119,-122.42861,"grocery","SUPERMARKETS/OTHER GROCERY (EXC CONVENIENCE) STRS"
"HAIGHT STREET ART CTR",37.772688,-122.42578,"art","ART DEALERS"
"CHERRY ART STUDIO",37.742429,-122.486631,"art","ART DEALERS"
"SCK SALON",37.742791,-122.478164,"barber","BARBER SHOPS"
"K & D MARKET",37.764527,-122.423654,"grocery","SUPERMARKETS/OTHER GROCERY (EXC CONVENIENCE) STRS"
"RANDAS MARKET",37.764661,-122.422575,"grocery","SUPERMARKETS/OTHER GROCERY (EXC CONVENIENCE) STRS"
"SPOTLIGHT MARKET",37.766529,-122.424486,"grocery","SUPERMARKETS/OTHER GROCERY (EXC CONVENIENCE) STRS"
"HORN'S GROCERY",37.763303,-122.423743,"grocery","SUPERMARKETS/OTHER GROCERY (EXC CONVENIENCE) STRS"
"KATEA",37.76513,-122.422626,"coffee","ALL OTHER SPECIALTY FOOD STORES"
"FOULADI PROJECTS",37.77144,-122.423673,"art","ART DEALERS"
"CREATIVITY EXPLORED LICENSING",37.764603,-122.424822,"art","ART DEALERS"
"MERIDIAN GALLERY",37.763453,-122.422057,"art","ART DEALERS"
"DOG BARBER",37.770499,-122.424827,"barber","BARBER SHOPS"
"EMERSON JENNY",37.764161,-122.407923,"art","ART DEALERS"
"REQUISITE BARBER",37.762095,-122.406867,"barber","BARBER SHOPS"
"J SOSA BARBER CONSULTING",37.761412,-122.40684,"barber","BARBER SHOPS"
"7-ELEVEN",37.742671,-122.490058,"grocery","CONVENIENCE STORES"
"JIM'S SMOKE SHOP",37.760784,-122.387817,"grocery","CONVENIENCE STORES"
"LOOP NEIGHBORHOOD MARKET",37.753114,-122.388183,"grocery","CONVENIENCE STORES"
"ALTER ECO",37.759935,-122.38819,"grocery","SUPERMARKETS/OTHER GROCERY (EXC CONVENIENCE) STRS"
"SWELL GALLERY",37.757084,-122.387929,"art","ART DEALERS"
"SAN FRANCISCO MSM-CRAFT-DESIGN",37.756495,-122.387322,"art","ART DEALERS"
"RENA BRANSTEN GALLERY",37.754257,-122.389394,"art","ART DEALERS"
"ALTMAN SIEGEL GALLERY",37.753144,-122.39026,"art","ART DEALERS"
"IDEAS MONEY ART",37.753722,-122.388372,"art","ART DEALERS"
"ADRIAN ROSENFELD GALLERY",37.753144,-122.39026,"art","ART DEALERS"
"SAFEWAY",37.796567,-122.398839,"grocery","SUPERMARKETS/OTHER GROCERY (EXC CONVENIENCE) STRS"
"RJ'S MARKET",37.8033,-122.40337,"grocery","SUPERMARKETS/OTHER GROCERY (EXC CONVENIENCE) STRS"
"FROG HOLLOW FARM MKT",37.795562,-122.392114,"grocery","SUPERMARKETS/OTHER GROCERY (EXC CONVENIENCE) STRS"
"VILLAGE MARKET KABO",37.795562,-122.392114,"grocery","SUPERMARKETS/OTHER GROCERY (EXC CONVENIENCE) STRS"
"BARSOTTI BROTHERS INC",37.795562,-122.392114,"grocery","SUPERMARKETS/OTHER GROCERY (EXC CONVENIENCE) STRS"
"GENDELL GALLERY-PHOTOGRAPHS",37.795301,-122.391945,"art","ART DEALERS"
"CASEY & ASSOC",37.799417,-122.400936,"art","ART DEALERS"
"TWENTY2PRODUCT",37.796702,-122.397784,"art","ART DEALERS"
"HOLLOWAY JAN 20TH CENTURY AMER",37.795301,-122.391945,"art","ART DEALERS"
"NOB HILL GLLRY & ART ADVISORY",37.798425,-122.397972,"art","ART DEALERS"
"PRO-STYLE BARBER SHOP",37.794953,-122.397311,"barber","BARBER SHOPS"
"18/8 FINE MEN'S SALONS",37.794644,-122.399644,"barber","BARBER SHOPS"
"BLADES CO",37.795301,-122.391945,"barber","BARBER SHOPS"
"EDDIE'S HAIRSTYLING",37.7951,-122.3982,"barber","BARBER SHOPS"
"CHIOTRAS GROCERY",37.758943,-122.40218,"grocery","SUPERMARKETS/OTHER GROCERY (EXC CONVENIENCE) STRS"
"WHOLE FOODS MARKET",37.764134,-122.402576,"grocery","SUPERMARKETS/OTHER GROCERY (EXC CONVENIENCE) STRS"
"GOOD LIFE GROCERY",37.760226,-122.396844,"grocery","SUPERMARKETS/OTHER GROCERY (EXC CONVENIENCE) STRS"
"NEW POTRERO MARKET",37.762463,-122.395794,"grocery","SUPERMARKETS/OTHER GROCERY (EXC CONVENIENCE) STRS"
"SAN FRANCISCO ROASTING WORKS",37.763719,-122.395192,"coffee","ALL OTHER SPECIALTY FOOD STORES"
"FARLEYS",37.762457,-122.395979,"coffee","ALL OTHER SPECIALTY FOOD STORES"
"MURAL ARTS",37.764308,-122.39639,"art","ART DEALERS"
"BATLE A S",37.76356,-122.395002,"art","ART DEALERS"
"COLLAGE GALLERY",37.762474,-122.395999,"art","ART DEALERS"
"FLO'S BARBER SHOP",37.760176,-122.397056,"barber","BARBER SHOPS"
"POTRERO TERRACE MARKET",37.754967,-122.398912,"grocery","SUPERMARKETS/OTHER GROCERY (EXC CONVENIENCE) STRS"
"KANSAS FOOD MARKET",37.754755,-122.402411,"grocery","SUPERMARKETS/OTHER GROCERY (EXC CONVENIENCE) STRS"
"M & W MARKETS",37.755013,-122.397941,"grocery","SUPERMARKETS/OTHER GROCERY (EXC CONVENIENCE) STRS"
"ROMER YOUNG GALLERY",37.757721,-122.393523,"art","ART DEALERS"
"WONKOW FOOD PRODUCTS",37.793529,-122.407575,"grocery","SUPERMARKETS/OTHER GROCERY (EXC CONVENIENCE) STRS"
"LOVELL'S GALLERY",37.792732,-122.40617,"art","ART DEALERS"
"J C MARKET",37.795964,-122.408866,"grocery","SUPERMARKETS/OTHER GROCERY (EXC CONVENIENCE) STRS"
"PACIFIC SEAFOOD TRADING CO",37.79635,-122.408729,"grocery","SUPERMARKETS/OTHER GROCERY (EXC CONVENIENCE) STRS"
"NOODLE CITY",37.795495,-122.410128,"grocery","SUPERMARKETS/OTHER GROCERY (EXC CONVENIENCE) STRS"
"SHENG HING MARKET INC",37.795979,-122.408538,"grocery","SUPERMARKETS/OTHER GROCERY (EXC CONVENIENCE) STRS"
"MEI'S GROCERIES INC",37.795538,-122.408494,"grocery","SUPERMARKETS/OTHER GROCERY (EXC CONVENIENCE) STRS"
"GOLDEN MOUNTAIN MARKET",37.795889,-122.40903,"grocery","SUPERMARKETS/OTHER GROCERY (EXC CONVENIENCE) STRS"
"HAN PALACE",37.795718,-122.410144,"art","ART DEALERS"
"WALTER ELLINGWOOD III",37.795253,-122.411322,"art","ART DEALERS"
"COTTAGE MARKET",37.790051,-122.410455,"grocery","SUPERMARKETS/OTHER GROCERY (EXC CONVENIENCE) STRS"
"E & E FINE FOODS",37.790947,-122.408722,"grocery","SUPERMARKETS/OTHER GROCERY (EXC CONVENIENCE) STRS"
"BUSH MARKET",37.790133,-122.410888,"grocery","SUPERMARKETS/OTHER GROCERY (EXC CONVENIENCE) STRS"
"ENOUGH TEA & COFFEE LLC",37.790852,-122.408015,"coffee","ALL OTHER SPECIALTY FOOD STORES"
"H & L SUPER MARKET INC",37.791019,-122.40771,"grocery","SUPERMARKETS/OTHER GROCERY (EXC CONVENIENCE) STRS"
"ESTILO BARBERSHOP & SPA",37.790021,-122.411789,"barber","BARBER SHOPS"
"D JURDJURA BARBER SALON LLC",37.790021,-122.411789,"barber","BARBER SHOPS"
"VJ GROCERY",37.793269,-122.412639,"grocery","SUPERMARKETS/OTHER GROCERY (EXC CONVENIENCE) STRS"
"CHICOS MARKET",37.792071,-122.415677,"grocery","SUPERMARKETS/OTHER GROCERY (EXC CONVENIENCE) STRS"
"S BERNSTEIN & CO",37.79243,-122.410106,"art","ART DEALERS"
"SUPER ONE",37.787545,-122.419724,"grocery","SUPERMARKETS/OTHER GROCERY (EXC CONVENIENCE) STRS"
"YOGI FOOD MARKET",37.788554,-122.415509,"grocery","SUPERMARKETS/OTHER GROCERY (EXC CONVENIENCE) STRS"
"UN MARKET",37.787385,-122.416924,"grocery","SUPERMARKETS/OTHER GROCERY (EXC CONVENIENCE) STRS"
"DISCOUNT GROCERS",37.787891,-122.420386,"grocery","SUPERMARKETS/OTHER GROCERY (EXC CONVENIENCE) STRS"
"SUTTER FINE FOODS",37.788434,-122.416554,"grocery","SUPERMARKETS/OTHER GROCERY (EXC CONVENIENCE) STRS"
"ZAALOUK",37.787642,-122.420235,"grocery","SUPERMARKETS/OTHER GROCERY (EXC CONVENIENCE) STRS"
"S & B GROCERY LIQUOR & STORE",37.787134,-122.418618,"grocery","SUPERMARKETS/OTHER GROCERY (EXC CONVENIENCE) STRS"
"NEW INDIA BAZAR",37.78703,-122.420141,"grocery","SUPERMARKETS/OTHER GROCERY (EXC CONVENIENCE) STRS"
"VICTORIA DESIGN",37.78845,-122.416425,"art","ART DEALERS"
"SMAART GALLERY & STUDIO",37.78784,-122.417572,"art","ART DEALERS"
"PEOPLES BARBER",37.788533,-122.420546,"barber","BARBER SHOPS"
"BARBER WALTER'S JOINT LLC",37.787302,-122.418096,"barber","BARBER SHOPS"
"BARBER SHOP",37.787116,-122.419732,"barber","BARBER SHOPS"
"CALIFORNIA PRODUCE",37.785734,-122.419525,"grocery","SUPERMARKETS/OTHER GROCERY (EXC CONVENIENCE) STRS"
"GREEN APPLE MARKET",37.786172,-122.419666,"grocery","SUPERMARKETS/OTHER GROCERY (EXC CONVENIENCE) STRS"
"BREAD & BUTTER MARKET & DELI",37.785301,-122.419027,"grocery","SUPERMARKETS/OTHER GROCERY (EXC CONVENIENCE) STRS"
"AMRO MARKET",37.802413,-122.425128,"grocery","SUPERMARKETS/OTHER GROCERY (EXC CONVENIENCE) STRS"
"FRANKLIN MARKET",37.800719,-122.425804,"grocery","SUPERMARKETS/OTHER GROCERY (EXC CONVENIENCE) STRS"
"MARINA INN",37.800925,-122.429206,"barber","BARBER SHOPS"
"FRANKLIN BOWES GALLERIES",37.80642,-122.42178,"art","ART DEALERS"
"RAE DENNIS FINE ARTS INC",37.806308,-122.421074,"art","ART DEALERS"
"LAHAINA GALLERIES INC",37.806706,-122.419421,"art","ART DEALERS"
"MARK REUBEN GALLERY",37.807283,-122.419484,"art","ART DEALERS"
"CHLOE ART GALLERY",37.806706,-122.419421,"art","ART DEALERS"
"PROVISIONAL GALLERY LLC",37.805014,-122.420033,"art","ART DEALERS"
"SAMOVAR TEA",37.78743,-122.433292,"coffee","ALL OTHER SPECIALTY FOOD STORES"
"STONES MOLLIE",37.788466,-122.434751,"grocery","SUPERMARKETS/OTHER GROCERY (EXC CONVENIENCE) STRS"
"SUPER MIRA",37.786741,-122.429796,"grocery","SUPERMARKETS/OTHER GROCERY (EXC CONVENIENCE) STRS"
"EVANS & BROWN CO",37.786847,-122.432612,"art","ART DEALERS"
"ANTHONY MEIER FINE ARTS",37.789515,-122.426662,"art","ART DEALERS"
"TRADER JOE'S",37.790621,-122.417834,"grocery","SUPERMARKETS/OTHER GROCERY (EXC CONVENIENCE) STRS"
"COMMON SAGE",37.79136,-122.420594,"grocery","SUPERMARKETS/OTHER GROCERY (EXC CONVENIENCE) STRS"
"VAN NESS AV",37.790004,-122.42195,"coffee","ALL OTHER SPECIALTY FOOD STORES"
"LARKIN CORNER MARKET",37.791653,-122.418927,"grocery","SUPERMARKETS/OTHER GROCERY (EXC CONVENIENCE) STRS"
"CHUCKABOO BARBER",37.790091,-122.415837,"barber","BARBER SHOPS"
"FRESH BLADES",37.789449,-122.420241,"barber","BARBER SHOPS"
"SEARCHLIGHT MKT",37.79905,-122.41879,"grocery","SUPERMARKETS/OTHER GROCERY (EXC CONVENIENCE) STRS"
"LONELY RIVER INTL CO",37.796977,-122.419259,"grocery","SUPERMARKETS/OTHER GROCERY (EXC CONVENIENCE) STRS"
"FUELING STATION",37.799337,-122.42217,"coffee","ALL OTHER SPECIALTY FOOD STORES"
"BUSACCA GALLERY",37.799413,-122.418902,"art","ART DEALERS"
"ROYAL MARKET & BAKERY",37.780152,-122.476737,"grocery","SUPERMARKETS/OTHER GROCERY (EXC CONVENIENCE) STRS"
"LAUREL VILLAGE",37.780087,-122.478069,"coffee","ALL OTHER SPECIALTY FOOD STORES"
"DICK'S INTERNATIONAL BARBER",37.780165,-122.47876,"barber","BARBER SHOPS"
"MAY'S FOR HAIR CUT",37.780149,-122.477348,"barber","BARBER SHOPS"
"TEA FIX INC",37.785159,-122.421495,"coffee","ALL OTHER SPECIALTY FOOD STORES"
"WHOLE FOODS MARKET",37.789929,-122.423398,"grocery","SUPERMARKETS/OTHER GROCERY (EXC CONVENIENCE) STRS"
"FRANKLIN MARKET",37.788701,-122.423441,"grocery","SUPERMARKETS/OTHER GROCERY (EXC CONVENIENCE) STRS"
"ALAN WOFSY FINE ARTS",37.785383,-122.422204,"art","ART DEALERS"
"ART GILBERG",37.786322,-122.422516,"art","ART DEALERS"
"PAUL MAHDER PHOTOGRAPHIC ART",37.78676,-122.422504,"art","ART DEALERS"
"DOW & FROSINI",37.785383,-122.422204,"art","ART DEALERS"
"ART'S HAIR SALON",37.787487,-122.4237,"barber","BARBER SHOPS"
"AVENUES FINE FOOD MARKET",37.794259,-122.425495,"grocery","SUPERMARKETS/OTHER GROCERY (EXC CONVENIENCE) STRS"
"TRADER JOE'S",37.805054,-122.414348,"grocery","SUPERMARKETS/OTHER GROCERY (EXC CONVENIENCE) STRS"
"7-ELEVEN",37.808059,-122.413264,"grocery","CONVENIENCE STORES"
"SAFEWAY",37.806196,-122.412882,"grocery","SUPERMARKETS/OTHER GROCERY (EXC CONVENIENCE) STRS"
"MAJESTIC COLLECTION",37.807892,-122.416113,"art","ART DEALERS"
"DESTINATION ART",37.804353,-122.411911,"art","ART DEALERS"
"PALACE OF FINE ARTS GALLERY",37.807848,-122.416473,"art","ART DEALERS"
"VAN NESS VALLEJO MARKET",37.796777,-122.42402,"grocery","SUPERMARKETS/OTHER GROCERY (EXC CONVENIENCE) STRS"
"GREEN STREET MKT",37.797037,-122.43027,"grocery","SUPERMARKETS/OTHER GROCERY (EXC CONVENIENCE) STRS"
"SHERMAN MARKET",37.798621,-122.42553,"grocery","SUPERMARKETS/OTHER GROCERY (EXC CONVENIENCE) STRS"
"UNION STREET COFFEE ROASTERY",37.796989,-122.435208,"coffee","ALL OTHER SPECIALTY FOOD STORES"
"EPANTRY",37.798278,-122.428446,"grocery","SUPERMARKETS/OTHER GROCERY (EXC CONVENIENCE) STRS"
"IMAGES OF THE NORTH",37.797702,-122.432977,"art","ART DEALERS"
"UNION GENT HAIRCUTTERS",37.797439,-122.431633,"barber","BARBER SHOPS"
"BARBERSHOP",37.79768,-122.432717,"barber","BARBER SHOPS"
"ANGEL'S MARKET",37.74824,-122.433519,"grocery","SUPERMARKETS/OTHER GROCERY (EXC CONVENIENCE) STRS"
"MODERN MARKET",37.748397,-122.426858,"grocery","SUPERMARKETS/OTHER GROCERY (EXC CONVENIENCE) STRS"
"SINCERELY TEA INC",37.748669,-122.428349,"coffee","ALL OTHER SPECIALTY FOOD STORES"
"SHUFAT MARKET",37.751508,-122.427701,"grocery","SUPERMARKETS/OTHER GROCERY (EXC CONVENIENCE) STRS"
"RICCI'S MARKET",37.753099,-122.408034,"grocery","SUPERMARKETS/OTHER GROCERY (EXC CONVENIENCE) STRS"
"NORM'S MKT",37.759093,-122.409473,"grocery","SUPERMARKETS/OTHER GROCERY (EXC CONVENIENCE) STRS"
"NEW HAMPSHIRE MARKET",37.759071,-122.408031,"grocery","SUPERMARKETS/OTHER GROCERY (EXC CONVENIENCE) STRS"
"GUS'S COMMUNITY MARKET",37.763812,-122.412624,"grocery","SUPERMARKETS/OTHER GROCERY (EXC CONVENIENCE) STRS"
"SOUTHERN EXPOSURE",37.75933,-122.411295,"art","ART DEALERS"
"YI YAN ART ACADEMY",37.762325,-122.415143,"art","ART DEALERS"
"KATHLEEN MCMAHON FINE ART",37.76269,-122.414235,"art","ART DEALERS"
"U GALLERY LLC",37.758713,-122.4161,"art","ART DEALERS"
"A MUSE GALLERY",37.760921,-122.412347,"art","ART DEALERS"
"ART SPACE DEVELOPMENT CORP",37.75931,-122.40946,"art","ART DEALERS"
"CAPITOL ART LLC",37.763384,-122.414675,"art","ART DEALERS"
"ROOT DIVISION",37.763379,-122.416712,"art","ART DEALERS"
"DON SOKER GALLERY",37.759474,-122.41006,"art","ART DEALERS"
"TAO BARBER SALON",37.76269,-122.414235,"barber","BARBER SHOPS"
"EVERGREEN MARKET",37.756424,-122.418498,"grocery","SUPERMARKETS/OTHER GROCERY (EXC CONVENIENCE) STRS"
"MISSION GROCERIES",37.762895,-122.419757,"grocery","SUPERMARKETS/OTHER GROCERY (EXC CONVENIENCE) STRS"
"VETRY GROCERY & LIQUOR",37.755657,-122.418942,"grocery","SUPERMARKETS/OTHER GROCERY (EXC CONVENIENCE) STRS"
"DUC LOI SUPERMARKET",37.761611,-122.419774,"grocery","SUPERMARKETS/OTHER GROCERY (EXC CONVENIENCE) STRS"
"GEORGE MARKET",37.760777,-122.41943,"grocery","SUPERMARKETS/OTHER GROCERY (EXC CONVENIENCE) STRS"
"MISSION BURGER",37.761611,-122.419774,"grocery","SUPERMARKETS/OTHER GROCERY (EXC CONVENIENCE) STRS"
"ALL SEASON MARKET",37.76016,-122.417831,"grocery","SUPERMARKETS/OTHER GROCERY (EXC CONVENIENCE) STRS"
"",37.760359,-122.419515,"grocery","SUPERMARKETS/OTHER GROCERY (EXC CONVENIENCE) STRS"
"PORTO FRANCO ART PARLOR",37.757659,-122.420905,"art","ART DEALERS"
"RUTH'S TABLE",37.757439,-122.418155,"art","ART DEALERS"
"KIRIA KOULA",37.755718,-122.417531,"art","ART DEALERS"
"LIMINAL SPACES ART + DESIGN",37.757055,-122.420857,"art","ART DEALERS"
"DEBBIE'S HAIR PLACE-MORE",37.755613,-122.418115,"barber","BARBER SHOPS"
"LILI'S BEAUTY & BARBER SHOP",37.761993,-122.419673,"barber","BARBER SHOPS"
"REFINERY GROOMING CLUB",37.755718,-122.418599,"barber","BARBER SHOPS"
"OLD MISSION BARBERSHOP",37.757263,-122.418617,"barber","BARBER SHOPS"
"R IMAGE MARKET",37.751025,-122.414259,"grocery","SUPERMARKETS/OTHER GROCERY (EXC CONVENIENCE) STRS"
"GROCERY OUTLET",37.753302,-122.415863,"grocery","SUPERMARKETS/OTHER GROCERY (EXC CONVENIENCE) STRS"
"WK MARKET",37.752775,-122.413834,"grocery","SUPERMARKETS/OTHER GROCERY (EXC CONVENIENCE) STRS"
"BOG SIDE",37.752771,-122.413398,"art","ART DEALERS"
"GENT'S BARBER CLUB",37.752448,-122.412753,"barber","BARBER SHOPS"
"FAYE'S VIDEO",37.761738,-122.424305,"grocery","SUPERMARKETS/OTHER GROCERY (EXC CONVENIENCE) STRS"
"F & G GROCERY",37.758552,-122.423245,"grocery","SUPERMARKETS/OTHER GROCERY (EXC CONVENIENCE) STRS"
"PAY N SAVE GROCERY",37.761773,-122.423628,"grocery","SUPERMARKETS/OTHER GROCERY (EXC CONVENIENCE) STRS"
"18 REASONS",37.761714,-122.42542,"art","ART DEALERS"
"HANG NGUYEN ART",37.758969,-122.423833,"art","ART DEALERS"
"HERTZMANN PAUL M INC",37.760759,-122.423114,"art","ART DEALERS"
"BACK TO THE PICTURE",37.75789,-122.42154,"art","ART DEALERS"
"CITY ART",37.759555,-122.421702,"art","ART DEALERS"
"FSC BARBER",37.761818,-122.421919,"barber","BARBER SHOPS"
"GOOD LIFE GROCERY",37.738898,-122.416731,"grocery","SUPERMARKETS/OTHER GROCERY (EXC CONVENIENCE) STRS"
"KERY MARKET",37.73574,-122.417038,"grocery","SUPERMARKETS/OTHER GROCERY (EXC CONVENIENCE) STRS"
"49'ERS LIQUORS & GROCERIES",37.737247,-122.42379,"grocery","SUPERMARKETS/OTHER GROCERY (EXC CONVENIENCE) STRS"
"NEW COLLEGE EL MARKET",37.73608,-122.42479,"grocery","SUPERMARKETS/OTHER GROCERY (EXC CONVENIENCE) STRS"
"JC SUPERMARKET",37.738738,-122.414211,"grocery","SUPERMARKETS/OTHER GROCERY (EXC CONVENIENCE) STRS"
"GROCERY VALENCIA",37.751956,-122.420822,"grocery","SUPERMARKETS/OTHER GROCERY (EXC CONVENIENCE) STRS"
"26TH & GUERRERO MARKET",37.74862,-122.42275,"grocery","SUPERMARKETS/OTHER GROCERY (EXC CONVENIENCE) STRS"
"MERCADO GO BRAZIL",37.752815,-122.421024,"grocery","SUPERMARKETS/OTHER GROCERY (EXC CONVENIENCE) STRS"
"SURFACE ART INC",37.749342,-122.424505,"art","ART DEALERS"
"HARVEST HILLS MARKET",37.746715,-122.413822,"grocery","SUPERMARKETS/OTHER GROCERY (EXC CONVENIENCE) STRS"
"INCLUSIONS GALLERY",37.739139,-122.415399,"art","ART DEALERS"
"SAVE MARKET",37.735083,-122.416967,"grocery","SUPERMARKETS/OTHER GROCERY (EXC CONVENIENCE) STRS"
"AMITY LIQUOR & MARKET",37.74213,-122.502331,"grocery","SUPERMARKETS/OTHER GROCERY (EXC CONVENIENCE) STRS"
"GEORGE'S ZOO",37.735575,-122.501573,"grocery","SUPERMARKETS/OTHER GROCERY (EXC CONVENIENCE) STRS"
"GRANT & GREEN MARKET",37.799864,-122.407566,"grocery","SUPERMARKETS/OTHER GROCERY (EXC CONVENIENCE) STRS"
"NICK'S CORNER STORE",37.79857,-122.407361,"grocery","SUPERMARKETS/OTHER GROCERY (EXC CONVENIENCE) STRS"
"S & S GROCERY",37.800409,-122.407738,"grocery","SUPERMARKETS/OTHER GROCERY (EXC CONVENIENCE) STRS"
"NORTH BEACH MARKET & DELI",37.79824,-122.406171,"grocery","SUPERMARKETS/OTHER GROCERY (EXC CONVENIENCE) STRS"
"GOURMET CENTER INC",37.799576,-122.406797,"grocery","SUPERMARKETS/OTHER GROCERY (EXC CONVENIENCE) STRS"
"DIMENSION HILL FOODS INC",37.800863,-122.408139,"grocery","SUPERMARKETS/OTHER GROCERY (EXC CONVENIENCE) STRS"
"SANGAMSTAR FOOD INC",37.797831,-122.405833,"grocery","SUPERMARKETS/OTHER GROCERY (EXC CONVENIENCE) STRS"
"KALART GALLERY",37.798116,-122.402438,"art","ART DEALERS"
"LIVE WORMS GALLERY",37.799397,-122.407543,"art","ART DEALERS"
"CASEY & ASSOC",37.798223,-122.402475,"art","ART DEALERS"
"NORTH BEACH CULTURAL ART CTR",37.797892,-122.404499,"art","ART DEALERS"
"CALIFORNIA & LYON MARKET",37.787644,-122.44562,"grocery","SUPERMARKETS/OTHER GROCERY (EXC CONVENIENCE) STRS"
"HARVEST TEA COMPOANY LLC",37.787123,-122.453738,"coffee","ALL OTHER SPECIALTY FOOD STORES"
"KAHO FOODS",37.78814,-122.448426,"grocery","SUPERMARKETS/OTHER GROCERY (EXC CONVENIENCE) STRS"
"JENNMAUR",37.787599,-122.449447,"art","ART DEALERS"
"ART CIRCUIT",37.788052,-122.445834,"art","ART DEALERS"
"WISTERIA ANTIQUE PRINTS",37.788531,-122.446482,"art","ART DEALERS"
"MONIQUE ARNON ART & ANTIQUES",37.787956,-122.449908,"art","ART DEALERS"
"TALARICO'S BARBER SHOP",37.78828,-122.447335,"barber","BARBER SHOPS"
"GENEVA BUBBLE TEA",37.71601,-122.43948,"coffee","ALL OTHER SPECIALTY FOOD STORES"
"KHALAD ALASAD",37.716469,-122.440672,"grocery","SUPERMARKETS/OTHER GROCERY (EXC CONVENIENCE) STRS"
"AMAZON BARBER SHOP",37.716352,-122.440234,"barber","BARBER SHOPS"
"EDUCATING BARBERS LLC",37.715531,-122.439825,"barber","BARBER SHOPS"
"MANILA ORIENTAL MARKET",37.730425,-122.428945,"grocery","SUPERMARKETS/OTHER GROCERY (EXC CONVENIENCE) STRS"
"ROXIE FOOD STORE",37.726776,-122.441362,"grocery","SUPERMARKETS/OTHER GROCERY (EXC CONVENIENCE) STRS"
"RED SEA MARKET",37.728731,-122.439966,"grocery","SUPERMARKETS/OTHER GROCERY (EXC CONVENIENCE) STRS"
"PACIFIC SUPERMARKET",37.731416,-122.428737,"grocery","SUPERMARKETS/OTHER GROCERY (EXC CONVENIENCE) STRS"
"ART OF BALANCE",37.72857,-122.44013,"art","ART DEALERS"
"FINE LINE BARBERSHOP",37.729129,-122.44001,"barber","BARBER SHOPS"
"7-ELEVEN",37.709839,-122.457857,"grocery","CONVENIENCE STORES"
"AMPM",37.709143,-122.45274,"grocery","CONVENIENCE STORES"
"EMILIO'S BARBER SHOP",37.709949,-122.449741,"barber","BARBER SHOPS"
"FRESH & READY FOODS",37.721215,-122.440308,"grocery","SUPERMARKETS/OTHER GROCERY (EXC CONVENIENCE) STRS"
"SAFEWAY",37.71966,-122.439188,"grocery","SUPERMARKETS/OTHER GROCERY (EXC CONVENIENCE) STRS"
"EXECUTIVE BARBER SHOP",37.722506,-122.436836,"barber","BARBER SHOPS"
"ACE OF FADES",37.714893,-122.442711,"barber","BARBER SHOPS"
"SAN FRANCISCO FARMERS MARKET",37.71941,-122.438471,"grocery","SUPERMARKETS/OTHER GROCERY (EXC CONVENIENCE) STRS"
"EXCELSIOR COFFEE CO",37.726253,-122.433293,"coffee","ALL OTHER SPECIALTY FOOD STORES"
"HILDA'S MART & BAKE SHOP",37.722643,-122.434419,"grocery","CONVENIENCE STORES"
"CASA LUCAS",37.725288,-122.434023,"grocery","SUPERMARKETS/OTHER GROCERY (EXC CONVENIENCE) STRS"
"WHOLE FOODS MARKET",37.723978,-122.455007,"grocery","SUPERMARKETS/OTHER GROCERY (EXC CONVENIENCE) STRS"
"USA POWER MARKET",37.724702,-122.458792,"grocery","SUPERMARKETS/OTHER GROCERY (EXC CONVENIENCE) STRS"
"JAVA ON OCEAN COFFEE HOUSE INC",37.724992,-122.460205,"coffee","ALL OTHER SPECIALTY FOOD STORES"
"3J FAMILY MARKET",37.713431,-122.458876,"grocery","SUPERMARKETS/OTHER GROCERY (EXC CONVENIENCE) STRS"
"EXTRA MILE",37.711673,-122.455761,"grocery","CONVENIENCE STORES"
"LACY'S BARBER SHOP",37.713016,-122.456255,"barber","BARBER SHOPS"
"COOL GUYS MARKET",37.721684,-122.462005,"grocery","SUPERMARKETS/OTHER GROCERY (EXC CONVENIENCE) STRS"
"TAILORED CUTS",37.72175,-122.45564,"barber","BARBER SHOPS"
"CORDOVA MARKET",37.713624,-122.436283,"grocery","SUPERMARKETS/OTHER GROCERY (EXC CONVENIENCE) STRS"
"CASTRO COFFEE CO",37.761986,-122.434979,"coffee","ALL OTHER SPECIALTY FOOD STORES"
"NOE HILL MARKET",37.759245,-122.432847,"grocery","SUPERMARKETS/OTHER GROCERY (EXC CONVENIENCE) STRS"
"RELIANCE MARKET",37.757834,-122.434537,"grocery","SUPERMARKETS/OTHER GROCERY (EXC CONVENIENCE) STRS"
"7-ELEVEN",37.761197,-122.432574,"grocery","CONVENIENCE STORES"
"ANGELO HAIR STYLING SALON",37.760868,-122.431374,"barber","BARBER SHOPS"
"ANTHONY'S BARBERSHOP",37.759435,-122.434568,"barber","BARBER SHOPS"
"PUFF N STUFF",37.760751,-122.435107,"grocery","CONVENIENCE STORES"
"ART PAX",37.759596,-122.435255,"art","ART DEALERS"
"KIRIKO MOTH ART & ILLUSTRATION",37.759596,-122.435255,"art","ART DEALERS"
"LOUIE'S BARBER SHOP",37.76202,-122.435233,"barber","BARBER SHOPS"
"DADDY'S BARBERSHOP",37.759404,-122.43516,"barber","BARBER SHOPS"
"EUREKA BARBER SHOP",37.760993,-122.436551,"barber","BARBER SHOPS"
"1001 CASTRO STREET MARKET",37.753588,-122.434036,"grocery","SUPERMARKETS/OTHER GROCERY (EXC CONVENIENCE) STRS"
"WHOLE FOODS MARKET",37.751871,-122.430865,"grocery","SUPERMARKETS/OTHER GROCERY (EXC CONVENIENCE) STRS"
"MARTHA & BROTHERS COFFEE CO",37.751813,-122.42898,"coffee","ALL OTHER SPECIALTY FOOD STORES"
"GUERRERO FOOD MARKET",37.746488,-122.422676,"grocery","SUPERMARKETS/OTHER GROCERY (EXC CONVENIENCE) STRS"
"MARTHA & BROTHERS",37.745988,-122.426647,"coffee","ALL OTHER SPECIALTY FOOD STORES"
"UPPER TERRACE MARKET",37.761697,-122.44524,"grocery","SUPERMARKETS/OTHER GROCERY (EXC CONVENIENCE) STRS"
"MARKETING MOVES PLC",37.763593,-122.436992,"grocery","SUPERMARKETS/OTHER GROCERY (EXC CONVENIENCE) STRS"
"ROBERT TAT GALLERY PHOTOGRAPHS",37.764577,-122.441055,"art","ART DEALERS"
"SANTA CLARA ORGANIC MARKET",37.771636,-122.435228,"grocery","SUPERMARKETS/OTHER GROCERY (EXC CONVENIENCE) STRS"
"SMITH & CO",37.770369,-122.438295,"art","ART DEALERS"
"WONG WYLIE ASIAN ART & ANTQ",37.769518,-122.435362,"art","ART DEALERS"
"FRIENDS OF ETHNIC ART",37.772806,-122.43477,"art","ART DEALERS"
"CHRISTA MARKET",37.78869,-122.442024,"grocery","SUPERMARKETS/OTHER GROCERY (EXC CONVENIENCE) STRS"
"CUMAICA COFFEE",37.788299,-122.440801,"coffee","ALL OTHER SPECIALTY FOOD STORES"
"THIRD WORLD MARKET",37.780927,-122.431821,"grocery","SUPERMARKETS/OTHER GROCERY (EXC CONVENIENCE) STRS"
"SAFEWAY",37.783116,-122.431645,"grocery","SUPERMARKETS/OTHER GROCERY (EXC CONVENIENCE) STRS"
"BALAKNATH LLC",37.78307,-122.432482,"grocery","SUPERMARKETS/OTHER GROCERY (EXC CONVENIENCE) STRS"
"JAI HO INDIAN GROCERY",37.78307,-122.432482,"grocery","SUPERMARKETS/OTHER GROCERY (EXC CONVENIENCE) STRS"
"WOORI MARKET",37.783756,-122.432503,"grocery","SUPERMARKETS/OTHER GROCERY (EXC CONVENIENCE) STRS"
"TEA FOR YOU",37.783664,-122.432485,"coffee","ALL OTHER SPECIALTY FOOD STORES"
"T4 HO INC",37.783664,-122.432485,"coffee","ALL OTHER SPECIALTY FOOD STORES"
"TEA KEY TA CA",37.783664,-122.432485,"coffee","ALL OTHER SPECIALTY FOOD STORES"
"CONVENIENT DELI & GROCERY",37.782246,-122.427658,"grocery","CONVENIENCE STORES"
"SONG TEA",37.786054,-122.435419,"coffee","ALL OTHER SPECIALTY FOOD STORES"
"LOOP NEIGHBORHOOD MARKET",37.788416,-122.435682,"grocery","CONVENIENCE STORES"
"OCEANIC ART",37.786033,-122.435993,"art","ART DEALERS"
"ATTENTION TO DETAIL",37.785948,-122.436249,"barber","BARBER SHOPS"
"GINOS GROCERY",37.792643,-122.43429,"grocery","SUPERMARKETS/OTHER GROCERY (EXC CONVENIENCE) STRS"
"BLOCK MYRA GOODALL",37.792636,-122.438397,"art","ART DEALERS"
"TRANSFER MKT",37.777408,-122.438466,"grocery","SUPERMARKETS/OTHER GROCERY (EXC CONVENIENCE) STRS"
"CHICAGO'S BARBERSHOP",37.778982,-122.43842,"barber","BARBER SHOPS"
"PEARL MARKET",37.780729,-122.439287,"grocery","SUPERMARKETS/OTHER GROCERY (EXC CONVENIENCE) STRS"
"SUNSET II SUPERMARKET",37.738118,-122.497285,"grocery","SUPERMARKETS/OTHER GROCERY (EXC CONVENIENCE) STRS"
"FAR OUT GALLERY",37.742261,-122.498439,"art","ART DEALERS"
"SAFEWAY",37.743264,-122.473953,"grocery","SUPERMARKETS/OTHER GROCERY (EXC CONVENIENCE) STRS"
"PARKSIDE FARMER'S MARKET",37.743077,-122.471951,"grocery","SUPERMARKETS/OTHER GROCERY (EXC CONVENIENCE) STRS"
"SUPER HAIRCUTS",37.74289,-122.473826,"barber","BARBER SHOPS"
"MY KETUBAH ART STUDIOS",37.747417,-122.482132,"art","ART DEALERS"
"ALAMO SQUARE MARKET",37.774775,-122.436351,"grocery","SUPERMARKETS/OTHER GROCERY (EXC CONVENIENCE) STRS"
"BI-RITE MARKET",37.774839,-122.437482,"grocery","SUPERMARKETS/OTHER GROCERY (EXC CONVENIENCE) STRS"
"BEAN BAG COFFEE HOUSE",37.775159,-122.438055,"coffee","ALL OTHER SPECIALTY FOOD STORES"
"FOOD CONVENIENCE MARKET",37.776533,-122.438513,"grocery","CONVENIENCE STORES"
"FALLETTI FOODS",37.773445,-122.438769,"grocery","SUPERMARKETS/OTHER GROCERY (EXC CONVENIENCE) STRS"
"CONSIGNY",37.775,-122.435539,"art","ART DEALERS"
"STREET ART ANARCHY INC",37.774575,-122.437385,"art","ART DEALERS"
"NEWBILL BARBER & SALON SHOP",37.776673,-122.438319,"barber","BARBER SHOPS"
"CENTRAL HAIGHT MARKET",37.770359,-122.443377,"grocery","SUPERMARKETS/OTHER GROCERY (EXC CONVENIENCE) STRS"
"NEW LITE SUPERMARKET",37.770371,-122.445979,"grocery","SUPERMARKETS/OTHER GROCERY (EXC CONVENIENCE) STRS"
"COFFEE TO THE PEOPLE",37.770061,-122.445,"coffee","ALL OTHER SPECIALTY FOOD STORES"
"WHOLE FOODS MARKET",37.769491,-122.453295,"grocery","SUPERMARKETS/OTHER GROCERY (EXC CONVENIENCE) STRS"
"HAIGHT ASHBURY MARKET",37.770218,-122.447601,"grocery","SUPERMARKETS/OTHER GROCERY (EXC CONVENIENCE) STRS"
"CLARION ALLEY MURAL PROJECT",37.771954,-122.441473,"art","ART DEALERS"
"CO DEVONAIR BARBER SHOP",37.770617,-122.444453,"barber","BARBER SHOPS"
"EDDY'S MARKET",37.763829,-122.467917,"grocery","SUPERMARKETS/OTHER GROCERY (EXC CONVENIENCE) STRS"
"MAN HING MKT",37.762818,-122.465909,"grocery","SUPERMARKETS/OTHER GROCERY (EXC CONVENIENCE) STRS"
"ON THE RUN",37.763795,-122.46606,"grocery","CONVENIENCE STORES"
"ROXIE MARKET & DELI",37.760482,-122.466371,"grocery","SUPERMARKETS/OTHER GROCERY (EXC CONVENIENCE) STRS"
"MI TEA",37.763972,-122.464665,"coffee","ALL OTHER SPECIALTY FOOD STORES"
"TEA 4 YOU",37.764282,-122.464986,"coffee","ALL OTHER SPECIALTY FOOD STORES"
"BEANERY",37.764307,-122.46441,"coffee","ALL OTHER SPECIALTY FOOD STORES"
"BEANERY INC",37.763779,-122.466462,"coffee","ALL OTHER SPECIALTY FOOD STORES"
"ORIENTAL ART GALLERY",37.763298,-122.465943,"art","ART DEALERS"
"SAN FRANCISO WOMEN ARTISTS",37.763856,-122.464982,"art","ART DEALERS"
"SUNSET BARBER SVC",37.762681,-122.4659,"barber","BARBER SHOPS"
"",37.764931,-122.466716,"barber","BARBER SHOPS"
"LAVA JAVA",37.766697,-122.452914,"coffee","ALL OTHER SPECIALTY FOOD STORES"
"CORDEN POTTS GALLERY",37.761873,-122.449785,"art","ART DEALERS"
"LUCKY SUPERMARKETS",37.776044,-122.445655,"grocery","SUPERMARKETS/OTHER GROCERY (EXC CONVENIENCE) STRS"
"SUNNY MARKET",37.781661,-122.45126,"grocery","CONVENIENCE STORES"
"CINDY'S MARKET",37.773517,-122.450731,"grocery","SUPERMARKETS/OTHER GROCERY (EXC CONVENIENCE) STRS"
"HOME SERVICE MARKET",37.774268,-122.444673,"grocery","SUPERMARKETS/OTHER GROCERY (EXC CONVENIENCE) STRS"
"HAYES & COLE MARKET",37.773205,-122.45112,"grocery","SUPERMARKETS/OTHER GROCERY (EXC CONVENIENCE) STRS"
"LUCKY 7 SHOP",37.774474,-122.442954,"grocery","CONVENIENCE STORES"
"CENTRAL COFFEE TEA & SPICE",37.774413,-122.444262,"coffee","ALL OTHER SPECIALTY FOOD STORES"
"STYLE-O-RAMA BARBER SHOP",37.773817,-122.448121,"barber","BARBER SHOPS"
"PARKVIEW MARKET",37.766215,-122.453103,"grocery","SUPERMARKETS/OTHER GROCERY (EXC CONVENIENCE) STRS"
"BEAR MARKET GOLDEN",37.762155,-122.463129,"grocery","SUPERMARKETS/OTHER GROCERY (EXC CONVENIENCE) STRS"
"U C MARKET",37.765119,-122.460242,"grocery","SUPERMARKETS/OTHER GROCERY (EXC CONVENIENCE) STRS"
"LAUREL VILLAGE",37.76424,-122.456242,"coffee","ALL OTHER SPECIALTY FOOD STORES"
"O'CONNOR & ASSOC ART ADVISORS",37.762702,-122.453751,"art","ART DEALERS"
"SUSAN MILLER GALLERY DR",37.760127,-122.460569,"art","ART DEALERS"
"M & K MARKET",37.778778,-122.46644,"grocery","SUPERMARKETS/OTHER GROCERY (EXC CONVENIENCE) STRS"
"DENHARD'S MARKET",37.775016,-122.468421,"grocery","SUPERMARKETS/OTHER GROCERY (EXC CONVENIENCE) STRS"
"STATE MARKET",37.780434,-122.470518,"grocery","SUPERMARKETS/OTHER GROCERY (EXC CONVENIENCE) STRS"
"CAFE COCO",37.780706,-122.464495,"coffee","ALL OTHER SPECIALTY FOOD STORES"
"SAFEWAY",37.774675,-122.465357,"grocery","SUPERMARKETS/OTHER GROCERY (EXC CONVENIENCE) STRS"
"TEA PAPA",37.777415,-122.464832,"coffee","ALL OTHER SPECIALTY FOOD STORES"
"MODERN RELICS",37.775097,-122.466798,"art","ART DEALERS"
"WESTSIDE ART HOUSE",37.777453,-122.464748,"art","ART DEALERS"
"SAFEWAY",37.77236,-122.50944,"grocery","SUPERMARKETS/OTHER GROCERY (EXC CONVENIENCE) STRS"
"RDM EXPRESS",37.774193,-122.509926,"grocery","SUPERMARKETS/OTHER GROCERY (EXC CONVENIENCE) STRS"
"7-ELEVEN",37.781008,-122.471505,"grocery","CONVENIENCE STORES"
"GOLDSTAR DISCOUNT STORE",37.783081,-122.4673,"grocery","CONVENIENCE STORES"
"CORNER STOP LLC",37.783055,-122.464432,"grocery","CONVENIENCE STORES"
"SMART & FINAL EXTRA!",37.781848,-122.465101,"grocery","SUPERMARKETS/OTHER GROCERY (EXC CONVENIENCE) STRS"
"RICHMOND NEW MAY WAH SPRMRKT",37.782701,-122.466806,"grocery","SUPERMARKETS/OTHER GROCERY (EXC CONVENIENCE) STRS"
"BEST & FRESH",37.783057,-122.464884,"grocery","CONVENIENCE STORES"
"T GALLERY EVENT SPACE",37.786173,-122.4713,"art","ART DEALERS"
"TABLE ASIA GALLERY",37.786173,-122.4713,"art","ART DEALERS"
"GENKI CREPES",37.783273,-122.462848,"grocery","SUPERMARKETS/OTHER GROCERY (EXC CONVENIENCE) STRS"
"T & L MARKET",37.782772,-122.462985,"grocery","SUPERMARKETS/OTHER GROCERY (EXC CONVENIENCE) STRS"
"LIEN HING SUPERMARKET NUMBER",37.783239,-122.463604,"grocery","SUPERMARKETS/OTHER GROCERY (EXC CONVENIENCE) STRS"
"SMITH & LORING INC",37.783317,-122.459188,"grocery","SUPERMARKETS/OTHER GROCERY (EXC CONVENIENCE) STRS"
"SUPERFOODS GROUP LLC",37.783339,-122.461413,"grocery","SUPERMARKETS/OTHER GROCERY (EXC CONVENIENCE) STRS"
"STEINER PRINTS",37.784643,-122.462761,"art","ART DEALERS"
"GROCERY OUTLET",37.779669,-122.487411,"grocery","SUPERMARKETS/OTHER GROCERY (EXC CONVENIENCE) STRS"
"WHOLE FOODS MARKET",37.781286,-122.400009,"grocery","SUPERMARKETS/OTHER GROCERY (EXC CONVENIENCE) STRS"
"DUST MARKET STAR",37.780997,-122.460162,"grocery","SUPERMARKETS/OTHER GROCERY (EXC CONVENIENCE) STRS"
"DRINK LIQUOR",37.777269,-122.459882,"grocery","SUPERMARKETS/OTHER GROCERY (EXC CONVENIENCE) STRS"
"FRIENDLY EXPRESS INC",37.779509,-122.460423,"grocery","CONVENIENCE STORES"
"STRICTLY LIMITED EDITIONS",37.774696,-122.463511,"art","ART DEALERS"
"ARGUELLO SUPER MARKET",37.775653,-122.458133,"grocery","SUPERMARKETS/OTHER GROCERY (EXC CONVENIENCE) STRS"
"BALBOA BI-RITE",37.776076,-122.485256,"grocery","SUPERMARKETS/OTHER GROCERY (EXC CONVENIENCE) STRS"
"BETTER FOOD MARKET",37.775677,-122.492851,"grocery","SUPERMARKETS/OTHER GROCERY (EXC CONVENIENCE) STRS"
"NEW CALIFORNIA FOOD MARKET",37.784029,-122.478747,"grocery","SUPERMARKETS/OTHER GROCERY (EXC CONVENIENCE) STRS"
"SEA CLIFF LIQUOR & DELI",37.781886,-122.482451,"grocery","SUPERMARKETS/OTHER GROCERY (EXC CONVENIENCE) STRS"
"33 MART",37.78201,-122.479762,"grocery","CONVENIENCE STORES"
"NEW WING HING SEAFOOD MARKET",37.782349,-122.483215,"grocery","SUPERMARKETS/OTHER GROCERY (EXC CONVENIENCE) STRS"
"VISIONARY ART EXCHANGE LLC",37.780561,-122.481384,"art","ART DEALERS"
"RUSSIAN IMPORTS",37.780698,-122.477008,"grocery","SUPERMARKETS/OTHER GROCERY (EXC CONVENIENCE) STRS"
"7-ELEVEN",37.780887,-122.474183,"grocery","CONVENIENCE STORES"
"SHARETEA",37.780769,-122.476807,"coffee","ALL OTHER SPECIALTY FOOD STORES"
"HOLLYWOOD FOOD CTR",37.780368,-122.485562,"grocery","SUPERMARKETS/OTHER GROCERY (EXC CONVENIENCE) STRS"
"TAL-Y-TARA TEA & POLO SHOPPE",37.783561,-122.486784,"coffee","ALL OTHER SPECIALTY FOOD STORES"
"BB TEA STATION",37.754366,-122.477848,"coffee","ALL OTHER SPECIALTY FOOD STORES"
"S F DOLCE VITA ART PRODUCTION",37.754338,-122.480254,"art","ART DEALERS"
"ANDRONICO'S MARKET",37.764354,-122.471181,"grocery","SUPERMARKETS/OTHER GROCERY (EXC CONVENIENCE) STRS"
"LOOP NEIGHBORHOOD MARKET",37.765261,-122.477061,"grocery","CONVENIENCE STORES"
"CATALANO'S BARBER SHOP",37.763544,-122.475542,"barber","BARBER SHOPS"
"7-ELEVEN",37.760692,-122.505604,"grocery","CONVENIENCE STORES"
"WESTERN SUNSET MARKET",37.760225,-122.505749,"grocery","SUPERMARKETS/OTHER GROCERY (EXC CONVENIENCE) STRS"
"YOUR MARKET",37.759194,-122.507671,"grocery","SUPERMARKETS/OTHER GROCERY (EXC CONVENIENCE) STRS"
"CLANCEY'S MARKET & DELI",37.762684,-122.500437,"grocery","SUPERMARKETS/OTHER GROCERY (EXC CONVENIENCE) STRS"
"COLORFUL ART 00",37.7538,-122.500847,"art","ART DEALERS"
"THOREAU CENTER FOR SSTNBLLTY",37.758708,-122.481104,"art","ART DEALERS"
"MARIO BRUNO ART SVC",37.758708,-122.481104,"art","ART DEALERS"
"FALLETTI FINER FOODS",37.763125,-122.4839,"grocery","SUPERMARKETS/OTHER GROCERY (EXC CONVENIENCE) STRS"
"WING CHEUNG",37.763162,-122.480765,"grocery","SUPERMARKETS/OTHER GROCERY (EXC CONVENIENCE) STRS"
"I TEA",37.763537,-122.481147,"coffee","ALL OTHER SPECIALTY FOOD STORES"
"LONG WIN FOOD",37.763249,-122.478789,"grocery","SUPERMARKETS/OTHER GROCERY (EXC CONVENIENCE) STRS"
"GALLERY DEROCHE",37.763102,-122.479997,"art","ART DEALERS"
"ALEX'S BARBER SHOP",37.763728,-122.478386,"barber","BARBER SHOPS"
"MIRALOMA MARKET",37.743777,-122.45368,"grocery","SUPERMARKETS/OTHER GROCERY (EXC CONVENIENCE) STRS"
"MOLLIE STONE'S TOWER MARKET",37.74473,-122.452299,"grocery","CONVENIENCE STORES"
"MOLLIE STONE'S MARKETS",37.74473,-122.452299,"grocery","SUPERMARKETS/OTHER GROCERY (EXC CONVENIENCE) STRS"
"BROTHERS MINI MARKET",37.752852,-122.504826,"grocery","SUPERMARKETS/OTHER GROCERY (EXC CONVENIENCE) STRS"
"VALENTINO MARKET",37.798552,-122.432591,"grocery","SUPERMARKETS/OTHER GROCERY (EXC CONVENIENCE) STRS"
"RUTILY'S MARKET",37.799286,-122.427687,"grocery","SUPERMARKETS/OTHER GROCERY (EXC CONVENIENCE) STRS"
"FORT MASON MARKET & DELI",37.799816,-122.427844,"grocery","SUPERMARKETS/OTHER GROCERY (EXC CONVENIENCE) STRS"
"PJ MARKET",37.790654,-122.414142,"grocery","SUPERMARKETS/OTHER GROCERY (EXC CONVENIENCE) STRS"
"GROCERY",37.789907,-122.414176,"grocery","SUPERMARKETS/OTHER GROCERY (EXC CONVENIENCE) STRS"
"PINE & JONES MKT",37.790654,-122.414142,"grocery","SUPERMARKETS/OTHER GROCERY (EXC CONVENIENCE) STRS"
"CHRISTIAN DANIEL GALLERY",37.790071,-122.415348,"art","ART DEALERS"
"METROPOLITAN BARBER SHOP",37.789718,-122.41416,"barber","BARBER SHOPS"
"MARINAS SUPER MARKET",37.799934,-122.4415,"grocery","SUPERMARKETS/OTHER GROCERY (EXC CONVENIENCE) STRS"
"PRESIDIO FOOD MART",37.797816,-122.446033,"grocery","CONVENIENCE STORES"
"GINGERBREAD KIT HASKELL",37.799985,-122.440592,"art","ART DEALERS"
"ADDISON & ASSOC FINE ARTS",37.795918,-122.439381,"art","ART DEALERS"
"CEDERWALL FINE ART",37.795677,-122.445216,"art","ART DEALERS"
"BARSOTTI JUICE CO INC",37.803598,-122.440396,"grocery","SUPERMARKETS/OTHER GROCERY (EXC CONVENIENCE) STRS"
"ART EXCHANGE",37.804407,-122.418128,"art","ART DEALERS"
"MY CUP OF TEA",37.732405,-122.474253,"coffee","ALL OTHER SPECIALTY FOOD STORES"
"7-ELEVEN",37.726581,-122.46497,"grocery","CONVENIENCE STORES"
"CIMINO & CIMINO",37.725005,-122.462424,"barber","BARBER SHOPS"
"INGLESIDE BARBER SHOP",37.725005,-122.462424,"barber","BARBER SHOPS"
"CUT TO CONTRAST LLC",37.725138,-122.462615,"barber","BARBER SHOPS"
"BLUE FOG MARKET",37.803552,-122.442196,"grocery","SUPERMARKETS/OTHER GROCERY (EXC CONVENIENCE) STRS"
"SAFEWAY",37.804583,-122.433024,"grocery","SUPERMARKETS/OTHER GROCERY (EXC CONVENIENCE) STRS"
"EMBARK ARTS INC",37.80533,-122.432305,"art","ART DEALERS"
"BIG SAVE MARKET",37.732911,-122.391018,"grocery","SUPERMARKETS/OTHER GROCERY (EXC CONVENIENCE) STRS"
"LEES FOOD",37.729275,-122.386487,"grocery","SUPERMARKETS/OTHER GROCERY (EXC CONVENIENCE) STRS"
"SMART FOODSERVICE WRHSE STORE",37.726,-122.386011,"grocery","SUPERMARKETS/OTHER GROCERY (EXC CONVENIENCE) STRS"
"SAABI'S GROCERIES",37.731419,-122.390158,"grocery","SUPERMARKETS/OTHER GROCERY (EXC CONVENIENCE) STRS"
"MIKE'S MARKET",37.736318,-122.398359,"grocery","SUPERMARKETS/OTHER GROCERY (EXC CONVENIENCE) STRS"
"ATTILAS BYSHORE ART STUDIO LLC",37.738529,-122.40123,"art","ART DEALERS"
"FORDS GROCERY",37.733679,-122.388178,"grocery","SUPERMARKETS/OTHER GROCERY (EXC CONVENIENCE) STRS"
"ALL NITE MARKETS",37.730934,-122.392433,"grocery","SUPERMARKETS/OTHER GROCERY (EXC CONVENIENCE) STRS"
"STAR MARKET-SAN FRANCISCO",37.737922,-122.389911,"grocery","SUPERMARKETS/OTHER GROCERY (EXC CONVENIENCE) STRS"
"TORINO GROCERY MARKET",37.73447,-122.391127,"grocery","SUPERMARKETS/OTHER GROCERY (EXC CONVENIENCE) STRS"
"SUPER SAVE MARKET",37.736556,-122.389714,"grocery","SUPERMARKETS/OTHER GROCERY (EXC CONVENIENCE) STRS"
"OLDS MASTERS",37.733845,-122.392202,"art","ART DEALERS"
"SHEAR'S BEAUTY & BARBER SHOP",37.738623,-122.38986,"barber","BARBER SHOPS"
"GRACE GALLERIA LLC",37.72958,-122.38179,"art","ART DEALERS"
"QUICK-CONVENIENT AKBER HUSSAIN",37.731823,-122.449112,"grocery","CONVENIENCE STORES"
"SAFEWAY",37.73124,-122.450063,"grocery","SUPERMARKETS/OTHER GROCERY (EXC CONVENIENCE) STRS"
"HEFF'S BARBERSHOP",37.731265,-122.450882,"barber","BARBER SHOPS"
"BUDDIE'S SUPER MARKET",37.73472,-122.433666,"grocery","SUPERMARKETS/OTHER GROCERY (EXC CONVENIENCE) STRS"
"CHENERY MARKET",37.739682,-122.425833,"grocery","SUPERMARKETS/OTHER GROCERY (EXC CONVENIENCE) STRS"
"CANYON MARKET",37.733985,-122.433639,"grocery","SUPERMARKETS/OTHER GROCERY (EXC CONVENIENCE) STRS"
"SAFEWAY",37.743749,-122.439188,"grocery","SUPERMARKETS/OTHER GROCERY (EXC CONVENIENCE) STRS"
"NORTHERN CA WOMENS CAUCUS",37.743406,-122.439628,"art","ART DEALERS"
"KAY HANNAH & ASSOC",37.735566,-122.439112,"art","ART DEALERS"
"FAIRVIEW MKT",37.714082,-122.462935,"grocery","SUPERMARKETS/OTHER GROCERY (EXC CONVENIENCE) STRS"
"3 MIL WIL HAIR SALON",37.715034,-122.470896,"barber","BARBER SHOPS"
"LOMBARD HEIGHTS MARKET",37.803078,-122.409998,"grocery","SUPERMARKETS/OTHER GROCERY (EXC CONVENIENCE) STRS"
"BODEGA",37.80136,-122.411308,"grocery","SUPERMARKETS/OTHER GROCERY (EXC CONVENIENCE) STRS"
"NORTH BEACH FOOD MART",37.803027,-122.413819,"grocery","CONVENIENCE STORES"
"PAUL THIEBAUD GALLERY",37.80173,-122.41185,"art","ART DEALERS"
"PAUL THIEBAUD GALLERY",37.803379,-122.413948,"art","ART DEALERS"
"AN AMERICAN ROMANTIC",37.802412,-122.407749,"art","ART DEALERS"
"DYNAMIX VENTURES LLC",37.796015,-122.413078,"coffee","ALL OTHER SPECIALTY FOOD STORES"
"NEW RUSSIAN HILL MARKET",37.796055,-122.414847,"grocery","SUPERMARKETS/OTHER GROCERY (EXC CONVENIENCE) STRS"
"WILLIS JAMES TRIBAL ART",37.797508,-122.413956,"art","ART DEALERS"
"GROCERY OUTLET",37.731134,-122.408888,"grocery","SUPERMARKETS/OTHER GROCERY (EXC CONVENIENCE) STRS"
"TIERRA SANTA MARKET",37.725399,-122.40285,"grocery","SUPERMARKETS/OTHER GROCERY (EXC CONVENIENCE) STRS"
"SAN BRUNO SUPERMARKET",37.730473,-122.405122,"grocery","SUPERMARKETS/OTHER GROCERY (EXC CONVENIENCE) STRS"
"J & C MARKET",37.729518,-122.404725,"grocery","SUPERMARKETS/OTHER GROCERY (EXC CONVENIENCE) STRS"
"MARTINEZ MARKET",37.727888,-122.403407,"grocery","SUPERMARKETS/OTHER GROCERY (EXC CONVENIENCE) STRS"
"TEA PLUS",37.729736,-122.404199,"coffee","ALL OTHER SPECIALTY FOOD STORES"
"GIANNINI'S BARBER SHOP",37.72709,-122.403723,"barber","BARBER SHOPS"
"BARBER FANATICS",37.726922,-122.403146,"barber","BARBER SHOPS"
"LITTLE VILLAGE MARKET",37.712091,-122.415718,"grocery","SUPERMARKETS/OTHER GROCERY (EXC CONVENIENCE) STRS"
"GROCERY OUTLET",37.708645,-122.405805,"grocery","SUPERMARKETS/OTHER GROCERY (EXC CONVENIENCE) STRS"
"7-ELEVEN",37.712332,-122.40311,"grocery","CONVENIENCE STORES"
"LUCKY SUPERMARKETS",37.733191,-122.489767,"grocery","SUPERMARKETS/OTHER GROCERY (EXC CONVENIENCE) STRS"
"TEAOSIS TEA & CERAMICS",37.733917,-122.48965,"coffee","ALL OTHER SPECIALTY FOOD STORES"
"BOSS SUPERMARKET",37.753465,-122.490939,"grocery","SUPERMARKETS/OTHER GROCERY (EXC CONVENIENCE) STRS"
"BLISSFUL TEA LLC",37.753733,-122.491098,"coffee","ALL OTHER SPECIALTY FOOD STORES"
"SAFEWAY",37.754133,-122.488833,"grocery","SUPERMARKETS/OTHER GROCERY (EXC CONVENIENCE) STRS"
"GRAND MARKET",37.789064,-122.482116,"grocery","SUPERMARKETS/OTHER GROCERY (EXC CONVENIENCE) STRS"
"GALLERY AT THOREAU",37.800228,-122.452931,"art","ART DEALERS"
"ART SEED",37.8007,-122.4512,"art","ART DEALERS"
"TERRA MIA DECORATIVE ART STD",37.750999,-122.434349,"art","ART DEALERS"
"ART DIRECTORS GUILD",37.749111,-122.435919,"art","ART DEALERS"
"OF BARBERS & BEARS",37.751003,-122.434901,"barber","BARBER SHOPS"
"PARK PLAZA FINE FOODS",37.718361,-122.474435,"grocery","SUPERMARKETS/OTHER GROCERY (EXC CONVENIENCE) STRS"
"OCEAN VIEW MARKET",37.779092,-122.499908,"grocery","SUPERMARKETS/OTHER GROCERY (EXC CONVENIENCE) STRS"
"FOOTHILL MARKET",37.723991,-122.40224,"grocery","SUPERMARKETS/OTHER GROCERY (EXC CONVENIENCE) STRS"
"ARTS GRAFIKA",37.719833,-122.402076,"art","ART DEALERS"
"GREENLEAF PRODUCE",37.729174,-122.372652,"grocery","SUPERMARKETS/OTHER GROCERY (EXC CONVENIENCE) STRS"
"GRUB MARKET",37.729174,-122.372652,"grocery","SUPERMARKETS/OTHER GROCERY (EXC CONVENIENCE) STRS"
"OCEAN PARADISE PRODUCE",37.729174,-122.372652,"grocery","SUPERMARKETS/OTHER GROCERY (EXC CONVENIENCE) STRS"
